,movie,year,rating,metascore,votes
0,Inception,2010,8.8,74,2003125
1,Shutter Island,2010,8.2,63,1096120
2,Toy Story 3,2010,8.3,92,739785
3,Iron Man 2,2010,7.0,57,706331
4,Black Swan,2010,8.0,79,686201
5,How to Train Your Dragon,2010,8.1,75,651560
6,The King's Speech,2010,8.0,88,628352
7,The Social Network,2010,7.7,95,608782
8,Kick-Ass,2010,7.6,66,517723
9,Despicable Me,2010,7.6,72,491285
10,Harry Potter and the Deathly Hallows: Part 1,2010,7.7,65,463145
11,Tangled,2010,7.7,71,396113
12,Alice in Wonderland,2010,6.4,53,376727
13,Scott Pilgrim vs. the World,2010,7.5,69,368860
14,Easy A,2010,7.0,72,350419
15,The Town,2010,7.5,74,345000
16,127 Hours,2010,7.5,82,342326
17,The Fighter,2010,7.8,79,334166
18,The Expendables,2010,6.5,45,321139
19,Due Date,2010,6.5,51,318830
20,Tron,2010,6.8,49,309144
21,True Grit,2010,7.6,80,305029
22,Salt,2010,6.4,65,291364
23,The Book of Eli,2010,6.9,53,288344
24,RED,2010,7.0,60,284355
25,Insidious,2010,6.8,52,271776
26,Prince of Persia: The Sands of Time,2010,6.6,50,267936
27,Clash of the Titans,2010,5.8,39,267185
28,Robin Hood,2010,6.6,53,249747
29,The A-Team,2010,6.7,47,243146
30,The Other Guys,2010,6.6,64,238076
31,Grown Ups,2010,5.9,30,224288
32,The Twilight Saga: Eclipse,2010,5.0,58,223188
33,Megamind,2010,7.2,63,222985
34,The Tourist,2010,6.0,37,220046
35,Predators,2010,6.4,51,208741
36,Machete,2010,6.6,60,188413
37,Unstoppable,2010,6.8,69,181886
38,Blue Valentine,2010,7.4,81,180781
39,Shrek Forever After,2010,6.3,58,180312
40,The Next Three Days,2010,7.4,52,178799
41,Knight and Day,2010,6.3,46,177363
42,Love & Other Drugs,2010,6.7,55,177027
43,Percy Jackson & the Olympians: The Lightning Thief,2010,5.9,47,174204
44,Get Him to the Greek,2010,6.4,65,168035
45,Tucker and Dale vs Evil,2010,7.5,65,162457
46,Inception,2010,8.8,74,2003125
47,Shutter Island,2010,8.2,63,1096120
48,Toy Story 3,2010,8.3,92,739785
49,Iron Man 2,2010,7.0,57,706331
50,Black Swan,2010,8.0,79,686201
51,How to Train Your Dragon,2010,8.1,75,651560
52,The King's Speech,2010,8.0,88,628352
53,The Social Network,2010,7.7,95,608782
54,Kick-Ass,2010,7.6,66,517723
55,Despicable Me,2010,7.6,72,491285
56,Harry Potter and the Deathly Hallows: Part 1,2010,7.7,65,463145
57,Tangled,2010,7.7,71,396113
58,Alice in Wonderland,2010,6.4,53,376727
59,Scott Pilgrim vs. the World,2010,7.5,69,368860
60,Easy A,2010,7.0,72,350419
61,The Town,2010,7.5,74,345000
62,127 Hours,2010,7.5,82,342326
63,The Fighter,2010,7.8,79,334166
64,The Expendables,2010,6.5,45,321139
65,Due Date,2010,6.5,51,318830
66,Tron,2010,6.8,49,309144
67,True Grit,2010,7.6,80,305029
68,Salt,2010,6.4,65,291364
69,The Book of Eli,2010,6.9,53,288344
70,RED,2010,7.0,60,284355
71,Insidious,2010,6.8,52,271776
72,Prince of Persia: The Sands of Time,2010,6.6,50,267936
73,Clash of the Titans,2010,5.8,39,267185
74,Robin Hood,2010,6.6,53,249747
75,The A-Team,2010,6.7,47,243146
76,The Other Guys,2010,6.6,64,238076
77,Grown Ups,2010,5.9,30,224288
78,The Twilight Saga: Eclipse,2010,5.0,58,223188
79,Megamind,2010,7.2,63,222985
80,The Tourist,2010,6.0,37,220046
81,Predators,2010,6.4,51,208741
82,Machete,2010,6.6,60,188413
83,Unstoppable,2010,6.8,69,181886
84,Blue Valentine,2010,7.4,81,180781
85,Shrek Forever After,2010,6.3,58,180312
86,The Next Three Days,2010,7.4,52,178799
87,Knight and Day,2010,6.3,46,177363
88,Love & Other Drugs,2010,6.7,55,177027
89,Percy Jackson & the Olympians: The Lightning Thief,2010,5.9,47,174204
90,Get Him to the Greek,2010,6.4,65,168035
91,Tucker and Dale vs Evil,2010,7.5,65,162457
92,Inception,2010,8.8,74,2003125
93,Shutter Island,2010,8.2,63,1096120
94,Toy Story 3,2010,8.3,92,739785
95,Iron Man 2,2010,7.0,57,706331
96,Black Swan,2010,8.0,79,686201
97,How to Train Your Dragon,2010,8.1,75,651560
98,The King's Speech,2010,8.0,88,628352
99,The Social Network,2010,7.7,95,608782
100,Kick-Ass,2010,7.6,66,517723
101,Despicable Me,2010,7.6,72,491285
102,Harry Potter and the Deathly Hallows: Part 1,2010,7.7,65,463145
103,Tangled,2010,7.7,71,396113
104,Alice in Wonderland,2010,6.4,53,376727
105,Scott Pilgrim vs. the World,2010,7.5,69,368860
106,Easy A,2010,7.0,72,350419
107,The Town,2010,7.5,74,345000
108,127 Hours,2010,7.5,82,342326
109,The Fighter,2010,7.8,79,334166
110,The Expendables,2010,6.5,45,321139
111,Due Date,2010,6.5,51,318830
112,Tron,2010,6.8,49,309144
113,True Grit,2010,7.6,80,305029
114,Salt,2010,6.4,65,291364
115,The Book of Eli,2010,6.9,53,288344
116,RED,2010,7.0,60,284355
117,Insidious,2010,6.8,52,271776
118,Prince of Persia: The Sands of Time,2010,6.6,50,267936
119,Clash of the Titans,2010,5.8,39,267185
120,Robin Hood,2010,6.6,53,249747
121,The A-Team,2010,6.7,47,243146
122,The Other Guys,2010,6.6,64,238076
123,Grown Ups,2010,5.9,30,224288
124,The Twilight Saga: Eclipse,2010,5.0,58,223188
125,Megamind,2010,7.2,63,222985
126,The Tourist,2010,6.0,37,220046
127,Predators,2010,6.4,51,208741
128,Machete,2010,6.6,60,188413
129,Unstoppable,2010,6.8,69,181886
130,Blue Valentine,2010,7.4,81,180781
131,Shrek Forever After,2010,6.3,58,180312
132,The Next Three Days,2010,7.4,52,178799
133,Knight and Day,2010,6.3,46,177363
134,Love & Other Drugs,2010,6.7,55,177027
135,Percy Jackson & the Olympians: The Lightning Thief,2010,5.9,47,174204
136,Get Him to the Greek,2010,6.4,65,168035
137,Tucker and Dale vs Evil,2010,7.5,65,162457
138,Inception,2010,8.8,74,2003125
139,Shutter Island,2010,8.2,63,1096120
140,Toy Story 3,2010,8.3,92,739785
141,Iron Man 2,2010,7.0,57,706331
142,Black Swan,2010,8.0,79,686201
143,How to Train Your Dragon,2010,8.1,75,651560
144,The King's Speech,2010,8.0,88,628352
145,The Social Network,2010,7.7,95,608782
146,Kick-Ass,2010,7.6,66,517723
147,Despicable Me,2010,7.6,72,491285
148,Harry Potter and the Deathly Hallows: Part 1,2010,7.7,65,463145
149,Tangled,2010,7.7,71,396113
150,Alice in Wonderland,2010,6.4,53,376727
151,Scott Pilgrim vs. the World,2010,7.5,69,368860
152,Easy A,2010,7.0,72,350419
153,The Town,2010,7.5,74,345000
154,127 Hours,2010,7.5,82,342326
155,The Fighter,2010,7.8,79,334166
156,The Expendables,2010,6.5,45,321139
157,Due Date,2010,6.5,51,318830
158,Tron,2010,6.8,49,309144
159,True Grit,2010,7.6,80,305029
160,Salt,2010,6.4,65,291364
161,The Book of Eli,2010,6.9,53,288344
162,RED,2010,7.0,60,284355
163,Insidious,2010,6.8,52,271776
164,Prince of Persia: The Sands of Time,2010,6.6,50,267936
165,Clash of the Titans,2010,5.8,39,267185
166,Robin Hood,2010,6.6,53,249747
167,The A-Team,2010,6.7,47,243146
168,The Other Guys,2010,6.6,64,238076
169,Grown Ups,2010,5.9,30,224288
170,The Twilight Saga: Eclipse,2010,5.0,58,223188
171,Megamind,2010,7.2,63,222985
172,The Tourist,2010,6.0,37,220046
173,Predators,2010,6.4,51,208741
174,Machete,2010,6.6,60,188413
175,Unstoppable,2010,6.8,69,181886
176,Blue Valentine,2010,7.4,81,180781
177,Shrek Forever After,2010,6.3,58,180312
178,The Next Three Days,2010,7.4,52,178799
179,Knight and Day,2010,6.3,46,177363
180,Love & Other Drugs,2010,6.7,55,177027
181,Percy Jackson & the Olympians: The Lightning Thief,2010,5.9,47,174204
182,Get Him to the Greek,2010,6.4,65,168035
183,Tucker and Dale vs Evil,2010,7.5,65,162457
184,Inception,2010,8.8,74,2003125
185,Shutter Island,2010,8.2,63,1096120
186,Toy Story 3,2010,8.3,92,739785
187,Iron Man 2,2010,7.0,57,706331
188,Black Swan,2010,8.0,79,686201
189,How to Train Your Dragon,2010,8.1,75,651560
190,The King's Speech,2010,8.0,88,628352
191,The Social Network,2010,7.7,95,608782
192,Kick-Ass,2010,7.6,66,517723
193,Despicable Me,2010,7.6,72,491285
194,Harry Potter and the Deathly Hallows: Part 1,2010,7.7,65,463145
195,Tangled,2010,7.7,71,396113
196,Alice in Wonderland,2010,6.4,53,376727
197,Scott Pilgrim vs. the World,2010,7.5,69,368860
198,Easy A,2010,7.0,72,350419
199,The Town,2010,7.5,74,345000
200,127 Hours,2010,7.5,82,342326
201,The Fighter,2010,7.8,79,334166
202,The Expendables,2010,6.5,45,321139
203,Due Date,2010,6.5,51,318830
204,Tron,2010,6.8,49,309144
205,True Grit,2010,7.6,80,305029
206,Salt,2010,6.4,65,291364
207,The Book of Eli,2010,6.9,53,288344
208,RED,2010,7.0,60,284355
209,Insidious,2010,6.8,52,271776
210,Prince of Persia: The Sands of Time,2010,6.6,50,267936
211,Clash of the Titans,2010,5.8,39,267185
212,Robin Hood,2010,6.6,53,249747
213,The A-Team,2010,6.7,47,243146
214,The Other Guys,2010,6.6,64,238076
215,Grown Ups,2010,5.9,30,224288
216,The Twilight Saga: Eclipse,2010,5.0,58,223188
217,Megamind,2010,7.2,63,222985
218,The Tourist,2010,6.0,37,220046
219,Predators,2010,6.4,51,208741
220,Machete,2010,6.6,60,188413
221,Unstoppable,2010,6.8,69,181886
222,Blue Valentine,2010,7.4,81,180781
223,Shrek Forever After,2010,6.3,58,180312
224,The Next Three Days,2010,7.4,52,178799
225,Knight and Day,2010,6.3,46,177363
226,Love & Other Drugs,2010,6.7,55,177027
227,Percy Jackson & the Olympians: The Lightning Thief,2010,5.9,47,174204
228,Get Him to the Greek,2010,6.4,65,168035
229,Tucker and Dale vs Evil,2010,7.5,65,162457
230,Harry Potter and the Deathly Hallows: Part 2,2011,8.1,85,743396
231,The Intouchables,2011,8.5,57,736758
232,Thor,2011,7.0,57,731085
233,Captain America: The First Avenger,2011,6.9,66,723537
234,X: First Class,2011,7.7,65,636945
235,Drive,2011,7.8,78,558726
236,Limitless,2011,7.4,59,519084
237,Rise of the Planet of the Apes,2011,7.6,68,490501
238,Source Code,2011,7.5,74,476783
239,Pirates of the Caribbean: On Stranger Tides,2011,6.6,45,472461
240,"Crazy, Stupid, Love.",2011,7.4,68,462847
241,The Hangover Part II,2011,6.4,44,456363
242,Mission: Impossible - Ghost Protocol,2011,7.4,73,449860
243,Warrior,2011,8.2,71,427617
244,The Help,2011,8.0,62,419590
245,Horrible Bosses,2011,6.9,57,416041
246,Sherlock Holmes: A Game of Shadows,2011,7.5,48,413833
247,The Girl with the Dragon Tattoo,2011,7.8,71,411796
248,Midnight in Paris,2011,7.7,81,380148
249,Transformers: Dark of the Moon,2011,6.2,42,380042
250,The Cabin in the Woods,2011,7.0,72,366815
251,In Time,2011,6.7,53,363681
252,Moneyball,2011,7.6,87,354615
253,Fast Five,2011,7.3,66,347259
254,Super 8,2011,7.0,72,334436
255,Friends with Benefits,2011,6.5,63,334226
256,50/50,2011,7.6,72,311999
257,Hugo,2011,7.5,83,299682
258,Real Steel,2011,7.1,56,293226
259,Contagion,2011,6.7,70,274291
260,Green Lantern,2011,5.5,39,263320
261,Bridesmaids,2011,6.8,75,263051
262,Kung Fu Panda 2,2011,7.2,67,247104
263,Unknown,2011,6.8,56,244817
264,The Adjustment Bureau,2011,7.0,60,240245
265,The Grey,2011,6.8,64,237561
266,Paul,2011,7.0,57,231597
267,Rango,2011,7.2,75,231185
268,The Descendants,2011,7.3,84,230105
269,The Artist,2011,7.9,89,227332
270,Sucker Punch,2011,6.0,33,227263
271,I Am Number Four,2011,6.1,36,225105
272,The Twilight Saga: Breaking Dawn - Part 1,2011,4.9,45,219439
273,Just Go with It,2011,6.4,33,217134
274,Jodaeiye Nader az Simin,2011,8.3,95,214183
275,Harry Potter and the Deathly Hallows: Part 2,2011,8.1,85,743396
276,The Intouchables,2011,8.5,57,736758
277,Thor,2011,7.0,57,731085
278,Captain America: The First Avenger,2011,6.9,66,723537
279,X: First Class,2011,7.7,65,636945
280,Drive,2011,7.8,78,558726
281,Limitless,2011,7.4,59,519084
282,Rise of the Planet of the Apes,2011,7.6,68,490501
283,Source Code,2011,7.5,74,476783
284,Pirates of the Caribbean: On Stranger Tides,2011,6.6,45,472461
285,"Crazy, Stupid, Love.",2011,7.4,68,462847
286,The Hangover Part II,2011,6.4,44,456363
287,Mission: Impossible - Ghost Protocol,2011,7.4,73,449860
288,Warrior,2011,8.2,71,427617
289,The Help,2011,8.0,62,419590
290,Horrible Bosses,2011,6.9,57,416041
291,Sherlock Holmes: A Game of Shadows,2011,7.5,48,413833
292,The Girl with the Dragon Tattoo,2011,7.8,71,411796
293,Midnight in Paris,2011,7.7,81,380148
294,Transformers: Dark of the Moon,2011,6.2,42,380042
295,The Cabin in the Woods,2011,7.0,72,366815
296,In Time,2011,6.7,53,363681
297,Moneyball,2011,7.6,87,354615
298,Fast Five,2011,7.3,66,347259
299,Super 8,2011,7.0,72,334436
300,Friends with Benefits,2011,6.5,63,334226
301,50/50,2011,7.6,72,311999
302,Hugo,2011,7.5,83,299682
303,Real Steel,2011,7.1,56,293226
304,Contagion,2011,6.7,70,274291
305,Green Lantern,2011,5.5,39,263320
306,Bridesmaids,2011,6.8,75,263051
307,Kung Fu Panda 2,2011,7.2,67,247104
308,Unknown,2011,6.8,56,244817
309,The Adjustment Bureau,2011,7.0,60,240245
310,The Grey,2011,6.8,64,237561
311,Paul,2011,7.0,57,231597
312,Rango,2011,7.2,75,231185
313,The Descendants,2011,7.3,84,230105
314,The Artist,2011,7.9,89,227332
315,Sucker Punch,2011,6.0,33,227263
316,I Am Number Four,2011,6.1,36,225105
317,The Twilight Saga: Breaking Dawn - Part 1,2011,4.9,45,219439
318,Just Go with It,2011,6.4,33,217134
319,Jodaeiye Nader az Simin,2011,8.3,95,214183
320,Harry Potter and the Deathly Hallows: Part 2,2011,8.1,85,743396
321,The Intouchables,2011,8.5,57,736758
322,Thor,2011,7.0,57,731085
323,Captain America: The First Avenger,2011,6.9,66,723537
324,X: First Class,2011,7.7,65,636945
325,Drive,2011,7.8,78,558726
326,Limitless,2011,7.4,59,519084
327,Rise of the Planet of the Apes,2011,7.6,68,490501
328,Source Code,2011,7.5,74,476783
329,Pirates of the Caribbean: On Stranger Tides,2011,6.6,45,472461
330,"Crazy, Stupid, Love.",2011,7.4,68,462847
331,The Hangover Part II,2011,6.4,44,456363
332,Mission: Impossible - Ghost Protocol,2011,7.4,73,449860
333,Warrior,2011,8.2,71,427617
334,The Help,2011,8.0,62,419590
335,Horrible Bosses,2011,6.9,57,416041
336,Sherlock Holmes: A Game of Shadows,2011,7.5,48,413833
337,The Girl with the Dragon Tattoo,2011,7.8,71,411796
338,Midnight in Paris,2011,7.7,81,380148
339,Transformers: Dark of the Moon,2011,6.2,42,380042
340,The Cabin in the Woods,2011,7.0,72,366815
341,In Time,2011,6.7,53,363681
342,Moneyball,2011,7.6,87,354615
343,Fast Five,2011,7.3,66,347259
344,Super 8,2011,7.0,72,334436
345,Friends with Benefits,2011,6.5,63,334226
346,50/50,2011,7.6,72,311999
347,Hugo,2011,7.5,83,299682
348,Real Steel,2011,7.1,56,293226
349,Contagion,2011,6.7,70,274291
350,Green Lantern,2011,5.5,39,263320
351,Bridesmaids,2011,6.8,75,263051
352,Kung Fu Panda 2,2011,7.2,67,247104
353,Unknown,2011,6.8,56,244817
354,The Adjustment Bureau,2011,7.0,60,240245
355,The Grey,2011,6.8,64,237561
356,Paul,2011,7.0,57,231597
357,Rango,2011,7.2,75,231185
358,The Descendants,2011,7.3,84,230105
359,The Artist,2011,7.9,89,227332
360,Sucker Punch,2011,6.0,33,227263
361,I Am Number Four,2011,6.1,36,225105
362,The Twilight Saga: Breaking Dawn - Part 1,2011,4.9,45,219439
363,Just Go with It,2011,6.4,33,217134
364,Jodaeiye Nader az Simin,2011,8.3,95,214183
365,Harry Potter and the Deathly Hallows: Part 2,2011,8.1,85,743396
366,The Intouchables,2011,8.5,57,736758
367,Thor,2011,7.0,57,731085
368,Captain America: The First Avenger,2011,6.9,66,723537
369,X: First Class,2011,7.7,65,636945
370,Drive,2011,7.8,78,558726
371,Limitless,2011,7.4,59,519084
372,Rise of the Planet of the Apes,2011,7.6,68,490501
373,Source Code,2011,7.5,74,476783
374,Pirates of the Caribbean: On Stranger Tides,2011,6.6,45,472461
375,"Crazy, Stupid, Love.",2011,7.4,68,462847
376,The Hangover Part II,2011,6.4,44,456363
377,Mission: Impossible - Ghost Protocol,2011,7.4,73,449860
378,Warrior,2011,8.2,71,427617
379,The Help,2011,8.0,62,419590
380,Horrible Bosses,2011,6.9,57,416041
381,Sherlock Holmes: A Game of Shadows,2011,7.5,48,413833
382,The Girl with the Dragon Tattoo,2011,7.8,71,411796
383,Midnight in Paris,2011,7.7,81,380148
384,Transformers: Dark of the Moon,2011,6.2,42,380042
385,The Cabin in the Woods,2011,7.0,72,366815
386,In Time,2011,6.7,53,363681
387,Moneyball,2011,7.6,87,354615
388,Fast Five,2011,7.3,66,347259
389,Super 8,2011,7.0,72,334436
390,Friends with Benefits,2011,6.5,63,334226
391,50/50,2011,7.6,72,311999
392,Hugo,2011,7.5,83,299682
393,Real Steel,2011,7.1,56,293226
394,Contagion,2011,6.7,70,274291
395,Green Lantern,2011,5.5,39,263320
396,Bridesmaids,2011,6.8,75,263051
397,Kung Fu Panda 2,2011,7.2,67,247104
398,Unknown,2011,6.8,56,244817
399,The Adjustment Bureau,2011,7.0,60,240245
400,The Grey,2011,6.8,64,237561
401,Paul,2011,7.0,57,231597
402,Rango,2011,7.2,75,231185
403,The Descendants,2011,7.3,84,230105
404,The Artist,2011,7.9,89,227332
405,Sucker Punch,2011,6.0,33,227263
406,I Am Number Four,2011,6.1,36,225105
407,The Twilight Saga: Breaking Dawn - Part 1,2011,4.9,45,219439
408,Just Go with It,2011,6.4,33,217134
409,Jodaeiye Nader az Simin,2011,8.3,95,214183
410,Harry Potter and the Deathly Hallows: Part 2,2011,8.1,85,743396
411,The Intouchables,2011,8.5,57,736758
412,Thor,2011,7.0,57,731085
413,Captain America: The First Avenger,2011,6.9,66,723537
414,X: First Class,2011,7.7,65,636945
415,Drive,2011,7.8,78,558726
416,Limitless,2011,7.4,59,519084
417,Rise of the Planet of the Apes,2011,7.6,68,490501
418,Source Code,2011,7.5,74,476783
419,Pirates of the Caribbean: On Stranger Tides,2011,6.6,45,472461
420,"Crazy, Stupid, Love.",2011,7.4,68,462847
421,The Hangover Part II,2011,6.4,44,456363
422,Mission: Impossible - Ghost Protocol,2011,7.4,73,449860
423,Warrior,2011,8.2,71,427617
424,The Help,2011,8.0,62,419590
425,Horrible Bosses,2011,6.9,57,416041
426,Sherlock Holmes: A Game of Shadows,2011,7.5,48,413833
427,The Girl with the Dragon Tattoo,2011,7.8,71,411796
428,Midnight in Paris,2011,7.7,81,380148
429,Transformers: Dark of the Moon,2011,6.2,42,380042
430,The Cabin in the Woods,2011,7.0,72,366815
431,In Time,2011,6.7,53,363681
432,Moneyball,2011,7.6,87,354615
433,Fast Five,2011,7.3,66,347259
434,Super 8,2011,7.0,72,334436
435,Friends with Benefits,2011,6.5,63,334226
436,50/50,2011,7.6,72,311999
437,Hugo,2011,7.5,83,299682
438,Real Steel,2011,7.1,56,293226
439,Contagion,2011,6.7,70,274291
440,Green Lantern,2011,5.5,39,263320
441,Bridesmaids,2011,6.8,75,263051
442,Kung Fu Panda 2,2011,7.2,67,247104
443,Unknown,2011,6.8,56,244817
444,The Adjustment Bureau,2011,7.0,60,240245
445,The Grey,2011,6.8,64,237561
446,Paul,2011,7.0,57,231597
447,Rango,2011,7.2,75,231185
448,The Descendants,2011,7.3,84,230105
449,The Artist,2011,7.9,89,227332
450,Sucker Punch,2011,6.0,33,227263
451,I Am Number Four,2011,6.1,36,225105
452,The Twilight Saga: Breaking Dawn - Part 1,2011,4.9,45,219439
453,Just Go with It,2011,6.4,33,217134
454,Jodaeiye Nader az Simin,2011,8.3,95,214183
455,The Dark Knight Rises,2012,8.4,78,1480737
456,Django Unchained,2012,8.4,81,1317954
457,The Avengers,2012,8.0,69,1241293
458,The Hunger Games,2012,7.2,68,830541
459,The Hobbit: An Unexpected Journey,2012,7.8,58,746034
460,Silver Linings Playbook,2012,7.7,81,651153
461,Skyfall,2012,7.7,81,620305
462,Life of Pi,2012,7.9,79,570301
463,Argo,2012,7.7,86,563227
464,Ted,2012,6.9,62,562154
465,Prometheus,2012,7.0,64,560509
466,The Amazing Spider-Man,2012,6.9,66,550064
467,Looper,2012,7.4,84,526242
468,21 Jump Street,2012,7.2,69,502242
469,The Perks of Being a Wallflower,2012,8.0,67,451737
470,Wreck-It Ralph,2012,7.7,72,371538
471,Brave,2012,7.1,69,364310
472,Cloud Atlas,2012,7.4,55,340321
473,Men in Black 3,2012,6.8,58,329623
474,Flight,2012,7.3,76,319929
475,Moonrise Kingdom,2012,7.8,84,311686
476,Les Misérables,2012,7.6,63,302742
477,Jack Reacher,2012,7.0,50,302003
478,The Expendables 2,2012,6.6,51,288375
479,Taken 2,2012,6.3,45,285520
480,The Bourne Legacy,2012,6.7,61,280674
481,Pitch Perfect,2012,7.2,66,271744
482,Jagten,2012,8.3,77,269641
483,Snow White and the Huntsman,2012,6.1,57,269510
484,The Dictator,2012,6.4,58,268057
485,Zero Dark Thirty,2012,7.4,95,266515
486,John Carter,2012,6.6,51,251835
487,Dredd,2012,7.1,60,246293
488,Dark Shadows,2012,6.2,55,242875
489,The Place Beyond the Pines,2012,7.3,68,241198
490,Lincoln,2012,7.3,86,240466
491,Total Recall,2012,6.3,43,237328
492,Chronicle,2012,7.0,69,237291
493,Seven Psychopaths,2012,7.2,66,236804
494,Battleship,2012,5.8,41,233464
495,The Twilight Saga: Breaking Dawn - Part 2,2012,5.5,52,226630
496,End of Watch,2012,7.6,68,224507
497,Lawless,2012,7.3,58,224308
498,Hotel Transylvania,2012,7.1,47,218574
499,Sinister,2012,6.8,53,213781
500,Safe House,2012,6.7,52,202226
501,American Reunion,2012,6.7,49,200060
502,Lo imposible,2012,7.6,73,192285
503,Ice Age: Continental Drift,2012,6.6,49,187566
504,The Dark Knight Rises,2012,8.4,78,1480737
505,Django Unchained,2012,8.4,81,1317954
506,The Avengers,2012,8.0,69,1241293
507,The Hunger Games,2012,7.2,68,830541
508,The Hobbit: An Unexpected Journey,2012,7.8,58,746034
509,Silver Linings Playbook,2012,7.7,81,651153
510,Skyfall,2012,7.7,81,620305
511,Life of Pi,2012,7.9,79,570301
512,Argo,2012,7.7,86,563227
513,Ted,2012,6.9,62,562154
514,Prometheus,2012,7.0,64,560509
515,The Amazing Spider-Man,2012,6.9,66,550064
516,Looper,2012,7.4,84,526242
517,21 Jump Street,2012,7.2,69,502242
518,The Perks of Being a Wallflower,2012,8.0,67,451737
519,Wreck-It Ralph,2012,7.7,72,371538
520,Brave,2012,7.1,69,364310
521,Cloud Atlas,2012,7.4,55,340321
522,Men in Black 3,2012,6.8,58,329623
523,Flight,2012,7.3,76,319929
524,Moonrise Kingdom,2012,7.8,84,311686
525,Les Misérables,2012,7.6,63,302742
526,Jack Reacher,2012,7.0,50,302003
527,The Expendables 2,2012,6.6,51,288375
528,Taken 2,2012,6.3,45,285520
529,The Bourne Legacy,2012,6.7,61,280674
530,Pitch Perfect,2012,7.2,66,271744
531,Jagten,2012,8.3,77,269641
532,Snow White and the Huntsman,2012,6.1,57,269510
533,The Dictator,2012,6.4,58,268057
534,Zero Dark Thirty,2012,7.4,95,266515
535,John Carter,2012,6.6,51,251835
536,Dredd,2012,7.1,60,246293
537,Dark Shadows,2012,6.2,55,242875
538,The Place Beyond the Pines,2012,7.3,68,241198
539,Lincoln,2012,7.3,86,240466
540,Total Recall,2012,6.3,43,237328
541,Chronicle,2012,7.0,69,237291
542,Seven Psychopaths,2012,7.2,66,236804
543,Battleship,2012,5.8,41,233464
544,The Twilight Saga: Breaking Dawn - Part 2,2012,5.5,52,226630
545,End of Watch,2012,7.6,68,224507
546,Lawless,2012,7.3,58,224308
547,Hotel Transylvania,2012,7.1,47,218574
548,Sinister,2012,6.8,53,213781
549,Safe House,2012,6.7,52,202226
550,American Reunion,2012,6.7,49,200060
551,Lo imposible,2012,7.6,73,192285
552,Ice Age: Continental Drift,2012,6.6,49,187566
553,The Dark Knight Rises,2012,8.4,78,1480737
554,Django Unchained,2012,8.4,81,1317954
555,The Avengers,2012,8.0,69,1241293
556,The Hunger Games,2012,7.2,68,830541
557,The Hobbit: An Unexpected Journey,2012,7.8,58,746034
558,Silver Linings Playbook,2012,7.7,81,651153
559,Skyfall,2012,7.7,81,620305
560,Life of Pi,2012,7.9,79,570301
561,Argo,2012,7.7,86,563227
562,Ted,2012,6.9,62,562154
563,Prometheus,2012,7.0,64,560509
564,The Amazing Spider-Man,2012,6.9,66,550064
565,Looper,2012,7.4,84,526242
566,21 Jump Street,2012,7.2,69,502242
567,The Perks of Being a Wallflower,2012,8.0,67,451737
568,Wreck-It Ralph,2012,7.7,72,371538
569,Brave,2012,7.1,69,364310
570,Cloud Atlas,2012,7.4,55,340321
571,Men in Black 3,2012,6.8,58,329623
572,Flight,2012,7.3,76,319929
573,Moonrise Kingdom,2012,7.8,84,311686
574,Les Misérables,2012,7.6,63,302742
575,Jack Reacher,2012,7.0,50,302003
576,The Expendables 2,2012,6.6,51,288375
577,Taken 2,2012,6.3,45,285520
578,The Bourne Legacy,2012,6.7,61,280674
579,Pitch Perfect,2012,7.2,66,271744
580,Jagten,2012,8.3,77,269641
581,Snow White and the Huntsman,2012,6.1,57,269510
582,The Dictator,2012,6.4,58,268057
583,Zero Dark Thirty,2012,7.4,95,266515
584,John Carter,2012,6.6,51,251835
585,Dredd,2012,7.1,60,246293
586,Dark Shadows,2012,6.2,55,242875
587,The Place Beyond the Pines,2012,7.3,68,241198
588,Lincoln,2012,7.3,86,240466
589,Total Recall,2012,6.3,43,237328
590,Chronicle,2012,7.0,69,237291
591,Seven Psychopaths,2012,7.2,66,236804
592,Battleship,2012,5.8,41,233464
593,The Twilight Saga: Breaking Dawn - Part 2,2012,5.5,52,226630
594,End of Watch,2012,7.6,68,224507
595,Lawless,2012,7.3,58,224308
596,Hotel Transylvania,2012,7.1,47,218574
597,Sinister,2012,6.8,53,213781
598,Safe House,2012,6.7,52,202226
599,American Reunion,2012,6.7,49,200060
600,Lo imposible,2012,7.6,73,192285
601,Ice Age: Continental Drift,2012,6.6,49,187566
602,The Dark Knight Rises,2012,8.4,78,1480737
603,Django Unchained,2012,8.4,81,1317954
604,The Avengers,2012,8.0,69,1241293
605,The Hunger Games,2012,7.2,68,830541
606,The Hobbit: An Unexpected Journey,2012,7.8,58,746034
607,Silver Linings Playbook,2012,7.7,81,651153
608,Skyfall,2012,7.7,81,620305
609,Life of Pi,2012,7.9,79,570301
610,Argo,2012,7.7,86,563227
611,Ted,2012,6.9,62,562154
612,Prometheus,2012,7.0,64,560509
613,The Amazing Spider-Man,2012,6.9,66,550064
614,Looper,2012,7.4,84,526242
615,21 Jump Street,2012,7.2,69,502242
616,The Perks of Being a Wallflower,2012,8.0,67,451737
617,Wreck-It Ralph,2012,7.7,72,371538
618,Brave,2012,7.1,69,364310
619,Cloud Atlas,2012,7.4,55,340321
620,Men in Black 3,2012,6.8,58,329623
621,Flight,2012,7.3,76,319929
622,Moonrise Kingdom,2012,7.8,84,311686
623,Les Misérables,2012,7.6,63,302742
624,Jack Reacher,2012,7.0,50,302003
625,The Expendables 2,2012,6.6,51,288375
626,Taken 2,2012,6.3,45,285520
627,The Bourne Legacy,2012,6.7,61,280674
628,Pitch Perfect,2012,7.2,66,271744
629,Jagten,2012,8.3,77,269641
630,Snow White and the Huntsman,2012,6.1,57,269510
631,The Dictator,2012,6.4,58,268057
632,Zero Dark Thirty,2012,7.4,95,266515
633,John Carter,2012,6.6,51,251835
634,Dredd,2012,7.1,60,246293
635,Dark Shadows,2012,6.2,55,242875
636,The Place Beyond the Pines,2012,7.3,68,241198
637,Lincoln,2012,7.3,86,240466
638,Total Recall,2012,6.3,43,237328
639,Chronicle,2012,7.0,69,237291
640,Seven Psychopaths,2012,7.2,66,236804
641,Battleship,2012,5.8,41,233464
642,The Twilight Saga: Breaking Dawn - Part 2,2012,5.5,52,226630
643,End of Watch,2012,7.6,68,224507
644,Lawless,2012,7.3,58,224308
645,Hotel Transylvania,2012,7.1,47,218574
646,Sinister,2012,6.8,53,213781
647,Safe House,2012,6.7,52,202226
648,American Reunion,2012,6.7,49,200060
649,Lo imposible,2012,7.6,73,192285
650,Ice Age: Continental Drift,2012,6.6,49,187566
651,The Dark Knight Rises,2012,8.4,78,1480737
652,Django Unchained,2012,8.4,81,1317954
653,The Avengers,2012,8.0,69,1241293
654,The Hunger Games,2012,7.2,68,830541
655,The Hobbit: An Unexpected Journey,2012,7.8,58,746034
656,Silver Linings Playbook,2012,7.7,81,651153
657,Skyfall,2012,7.7,81,620305
658,Life of Pi,2012,7.9,79,570301
659,Argo,2012,7.7,86,563227
660,Ted,2012,6.9,62,562154
661,Prometheus,2012,7.0,64,560509
662,The Amazing Spider-Man,2012,6.9,66,550064
663,Looper,2012,7.4,84,526242
664,21 Jump Street,2012,7.2,69,502242
665,The Perks of Being a Wallflower,2012,8.0,67,451737
666,Wreck-It Ralph,2012,7.7,72,371538
667,Brave,2012,7.1,69,364310
668,Cloud Atlas,2012,7.4,55,340321
669,Men in Black 3,2012,6.8,58,329623
670,Flight,2012,7.3,76,319929
671,Moonrise Kingdom,2012,7.8,84,311686
672,Les Misérables,2012,7.6,63,302742
673,Jack Reacher,2012,7.0,50,302003
674,The Expendables 2,2012,6.6,51,288375
675,Taken 2,2012,6.3,45,285520
676,The Bourne Legacy,2012,6.7,61,280674
677,Pitch Perfect,2012,7.2,66,271744
678,Jagten,2012,8.3,77,269641
679,Snow White and the Huntsman,2012,6.1,57,269510
680,The Dictator,2012,6.4,58,268057
681,Zero Dark Thirty,2012,7.4,95,266515
682,John Carter,2012,6.6,51,251835
683,Dredd,2012,7.1,60,246293
684,Dark Shadows,2012,6.2,55,242875
685,The Place Beyond the Pines,2012,7.3,68,241198
686,Lincoln,2012,7.3,86,240466
687,Total Recall,2012,6.3,43,237328
688,Chronicle,2012,7.0,69,237291
689,Seven Psychopaths,2012,7.2,66,236804
690,Battleship,2012,5.8,41,233464
691,The Twilight Saga: Breaking Dawn - Part 2,2012,5.5,52,226630
692,End of Watch,2012,7.6,68,224507
693,Lawless,2012,7.3,58,224308
694,Hotel Transylvania,2012,7.1,47,218574
695,Sinister,2012,6.8,53,213781
696,Safe House,2012,6.7,52,202226
697,American Reunion,2012,6.7,49,200060
698,Lo imposible,2012,7.6,73,192285
699,Ice Age: Continental Drift,2012,6.6,49,187566
700,The Wolf of Wall Street,2013,8.2,75,1141681
701,Gravity,2013,7.7,96,755740
702,Iron Man Three,2013,7.2,62,739862
703,Man of Steel,2013,7.0,55,678965
704,12 Years a Slave,2013,8.1,96,624678
705,The Hunger Games: Catching Fire,2013,7.5,76,603061
706,The Hobbit: The Desolation of Smaug,2013,7.8,66,590852
707,World War Z,2013,7.0,63,590203
708,Now You See Me,2013,7.3,50,585164
709,Thor: The Dark World,2013,6.9,54,582189
710,Prisoners,2013,8.1,70,581233
711,Frozen,2013,7.4,75,560613
712,Her,2013,8.0,90,524030
713,Oblivion,2013,7.0,54,476859
714,The Great Gatsby,2013,7.2,55,466555
715,Pacific Rim,2013,6.9,65,459821
716,Star Trek Into Darkness,2013,7.7,72,458579
717,American Hustle,2013,7.2,90,440655
718,The Conjuring,2013,7.5,68,430447
719,Dallas Buyers Club,2013,8.0,80,430147
720,Rush,2013,8.1,74,422944
721,The Wolverine,2013,6.7,61,422336
722,Elysium,2013,6.6,61,413850
723,Captain Phillips,2013,7.8,82,412119
724,We're the Millers,2013,7.0,44,395350
725,This Is the End,2013,6.6,67,378314
726,Despicable Me 2,2013,7.3,62,363264
727,Furious 6,2013,7.1,61,363250
728,Monsters University,2013,7.3,65,314012
729,Snowpiercer,2013,7.1,84,307382
730,About Time,2013,7.8,55,289872
731,The Secret Life of Walter Mitty,2013,7.3,54,288530
732,The Hangover Part III,2013,5.8,30,288157
733,Lone Survivor,2013,7.5,60,261567
734,The World's End,2013,7.0,81,254032
735,Olympus Has Fallen,2013,6.5,41,252771
736,Kick-Ass 2,2013,6.5,41,250892
737,Don Jon,2013,6.5,66,225920
738,Escape Plan,2013,6.7,49,223704
739,Ender's Game,2013,6.6,51,220355
740,The Lone Ranger,2013,6.4,37,218078
741,Warm Bodies,2013,6.9,60,216541
742,Gangster Squad,2013,6.7,40,203846
743,The Wolf of Wall Street,2013,8.2,75,1141681
744,Gravity,2013,7.7,96,755740
745,Iron Man Three,2013,7.2,62,739862
746,Man of Steel,2013,7.0,55,678965
747,12 Years a Slave,2013,8.1,96,624678
748,The Hunger Games: Catching Fire,2013,7.5,76,603061
749,The Hobbit: The Desolation of Smaug,2013,7.8,66,590852
750,World War Z,2013,7.0,63,590203
751,Now You See Me,2013,7.3,50,585164
752,Thor: The Dark World,2013,6.9,54,582189
753,Prisoners,2013,8.1,70,581233
754,Frozen,2013,7.4,75,560613
755,Her,2013,8.0,90,524030
756,Oblivion,2013,7.0,54,476859
757,The Great Gatsby,2013,7.2,55,466555
758,Pacific Rim,2013,6.9,65,459821
759,Star Trek Into Darkness,2013,7.7,72,458579
760,American Hustle,2013,7.2,90,440655
761,The Conjuring,2013,7.5,68,430447
762,Dallas Buyers Club,2013,8.0,80,430147
763,Rush,2013,8.1,74,422944
764,The Wolverine,2013,6.7,61,422336
765,Elysium,2013,6.6,61,413850
766,Captain Phillips,2013,7.8,82,412119
767,We're the Millers,2013,7.0,44,395350
768,This Is the End,2013,6.6,67,378314
769,Despicable Me 2,2013,7.3,62,363264
770,Furious 6,2013,7.1,61,363250
771,Monsters University,2013,7.3,65,314012
772,Snowpiercer,2013,7.1,84,307382
773,About Time,2013,7.8,55,289872
774,The Secret Life of Walter Mitty,2013,7.3,54,288530
775,The Hangover Part III,2013,5.8,30,288157
776,Lone Survivor,2013,7.5,60,261567
777,The World's End,2013,7.0,81,254032
778,Olympus Has Fallen,2013,6.5,41,252771
779,Kick-Ass 2,2013,6.5,41,250892
780,Don Jon,2013,6.5,66,225920
781,Escape Plan,2013,6.7,49,223704
782,Ender's Game,2013,6.6,51,220355
783,The Lone Ranger,2013,6.4,37,218078
784,Warm Bodies,2013,6.9,60,216541
785,Gangster Squad,2013,6.7,40,203846
786,The Wolf of Wall Street,2013,8.2,75,1141681
787,Gravity,2013,7.7,96,755740
788,Iron Man Three,2013,7.2,62,739862
789,Man of Steel,2013,7.0,55,678965
790,12 Years a Slave,2013,8.1,96,624678
791,The Hunger Games: Catching Fire,2013,7.5,76,603061
792,The Hobbit: The Desolation of Smaug,2013,7.8,66,590852
793,World War Z,2013,7.0,63,590203
794,Now You See Me,2013,7.3,50,585164
795,Thor: The Dark World,2013,6.9,54,582189
796,Prisoners,2013,8.1,70,581233
797,Frozen,2013,7.4,75,560613
798,Her,2013,8.0,90,524030
799,Oblivion,2013,7.0,54,476859
800,The Great Gatsby,2013,7.2,55,466555
801,Pacific Rim,2013,6.9,65,459821
802,Star Trek Into Darkness,2013,7.7,72,458579
803,American Hustle,2013,7.2,90,440655
804,The Conjuring,2013,7.5,68,430447
805,Dallas Buyers Club,2013,8.0,80,430147
806,Rush,2013,8.1,74,422944
807,The Wolverine,2013,6.7,61,422336
808,Elysium,2013,6.6,61,413850
809,Captain Phillips,2013,7.8,82,412119
810,We're the Millers,2013,7.0,44,395350
811,This Is the End,2013,6.6,67,378314
812,Despicable Me 2,2013,7.3,62,363264
813,Furious 6,2013,7.1,61,363250
814,Monsters University,2013,7.3,65,314012
815,Snowpiercer,2013,7.1,84,307382
816,About Time,2013,7.8,55,289872
817,The Secret Life of Walter Mitty,2013,7.3,54,288530
818,The Hangover Part III,2013,5.8,30,288157
819,Lone Survivor,2013,7.5,60,261567
820,The World's End,2013,7.0,81,254032
821,Olympus Has Fallen,2013,6.5,41,252771
822,Kick-Ass 2,2013,6.5,41,250892
823,Don Jon,2013,6.5,66,225920
824,Escape Plan,2013,6.7,49,223704
825,Ender's Game,2013,6.6,51,220355
826,The Lone Ranger,2013,6.4,37,218078
827,Warm Bodies,2013,6.9,60,216541
828,Gangster Squad,2013,6.7,40,203846
829,The Wolf of Wall Street,2013,8.2,75,1141681
830,Gravity,2013,7.7,96,755740
831,Iron Man Three,2013,7.2,62,739862
832,Man of Steel,2013,7.0,55,678965
833,12 Years a Slave,2013,8.1,96,624678
834,The Hunger Games: Catching Fire,2013,7.5,76,603061
835,The Hobbit: The Desolation of Smaug,2013,7.8,66,590852
836,World War Z,2013,7.0,63,590203
837,Now You See Me,2013,7.3,50,585164
838,Thor: The Dark World,2013,6.9,54,582189
839,Prisoners,2013,8.1,70,581233
840,Frozen,2013,7.4,75,560613
841,Her,2013,8.0,90,524030
842,Oblivion,2013,7.0,54,476859
843,The Great Gatsby,2013,7.2,55,466555
844,Pacific Rim,2013,6.9,65,459821
845,Star Trek Into Darkness,2013,7.7,72,458579
846,American Hustle,2013,7.2,90,440655
847,The Conjuring,2013,7.5,68,430447
848,Dallas Buyers Club,2013,8.0,80,430147
849,Rush,2013,8.1,74,422944
850,The Wolverine,2013,6.7,61,422336
851,Elysium,2013,6.6,61,413850
852,Captain Phillips,2013,7.8,82,412119
853,We're the Millers,2013,7.0,44,395350
854,This Is the End,2013,6.6,67,378314
855,Despicable Me 2,2013,7.3,62,363264
856,Furious 6,2013,7.1,61,363250
857,Monsters University,2013,7.3,65,314012
858,Snowpiercer,2013,7.1,84,307382
859,About Time,2013,7.8,55,289872
860,The Secret Life of Walter Mitty,2013,7.3,54,288530
861,The Hangover Part III,2013,5.8,30,288157
862,Lone Survivor,2013,7.5,60,261567
863,The World's End,2013,7.0,81,254032
864,Olympus Has Fallen,2013,6.5,41,252771
865,Kick-Ass 2,2013,6.5,41,250892
866,Don Jon,2013,6.5,66,225920
867,Escape Plan,2013,6.7,49,223704
868,Ender's Game,2013,6.6,51,220355
869,The Lone Ranger,2013,6.4,37,218078
870,Warm Bodies,2013,6.9,60,216541
871,Gangster Squad,2013,6.7,40,203846
872,The Wolf of Wall Street,2013,8.2,75,1141681
873,Gravity,2013,7.7,96,755740
874,Iron Man Three,2013,7.2,62,739862
875,Man of Steel,2013,7.0,55,678965
876,12 Years a Slave,2013,8.1,96,624678
877,The Hunger Games: Catching Fire,2013,7.5,76,603061
878,The Hobbit: The Desolation of Smaug,2013,7.8,66,590852
879,World War Z,2013,7.0,63,590203
880,Now You See Me,2013,7.3,50,585164
881,Thor: The Dark World,2013,6.9,54,582189
882,Prisoners,2013,8.1,70,581233
883,Frozen,2013,7.4,75,560613
884,Her,2013,8.0,90,524030
885,Oblivion,2013,7.0,54,476859
886,The Great Gatsby,2013,7.2,55,466555
887,Pacific Rim,2013,6.9,65,459821
888,Star Trek Into Darkness,2013,7.7,72,458579
889,American Hustle,2013,7.2,90,440655
890,The Conjuring,2013,7.5,68,430447
891,Dallas Buyers Club,2013,8.0,80,430147
892,Rush,2013,8.1,74,422944
893,The Wolverine,2013,6.7,61,422336
894,Elysium,2013,6.6,61,413850
895,Captain Phillips,2013,7.8,82,412119
896,We're the Millers,2013,7.0,44,395350
897,This Is the End,2013,6.6,67,378314
898,Despicable Me 2,2013,7.3,62,363264
899,Furious 6,2013,7.1,61,363250
900,Monsters University,2013,7.3,65,314012
901,Snowpiercer,2013,7.1,84,307382
902,About Time,2013,7.8,55,289872
903,The Secret Life of Walter Mitty,2013,7.3,54,288530
904,The Hangover Part III,2013,5.8,30,288157
905,Lone Survivor,2013,7.5,60,261567
906,The World's End,2013,7.0,81,254032
907,Olympus Has Fallen,2013,6.5,41,252771
908,Kick-Ass 2,2013,6.5,41,250892
909,Don Jon,2013,6.5,66,225920
910,Escape Plan,2013,6.7,49,223704
911,Ender's Game,2013,6.6,51,220355
912,The Lone Ranger,2013,6.4,37,218078
913,Warm Bodies,2013,6.9,60,216541
914,Gangster Squad,2013,6.7,40,203846
915,Interstellar,2014,8.6,74,1449570
916,Guardians of the Galaxy,2014,8.0,76,1023411
917,Gone Girl,2014,8.1,79,833556
918,Captain America: The Winter Soldier,2014,7.7,70,719133
919,Whiplash,2014,8.5,88,690807
920,The Grand Budapest Hotel,2014,8.1,88,687706
921,The Imitation Game,2014,8.0,73,668082
922,X-Men: Days of Future Past,2014,8.0,75,650443
923,Edge of Tomorrow,2014,7.9,71,586168
924,Kingsman: The Secret Service,2014,7.7,60,579416
925,Birdman or (The Unexpected Virtue of Ignorance),2014,7.7,87,566523
926,John Wick,2014,7.4,68,520393
927,The Hobbit: The Battle of the Five Armies,2014,7.4,59,464178
928,Ex Machina,2014,7.7,78,462683
929,Nightcrawler,2014,7.9,76,449256
930,Lucy,2014,6.4,61,433957
931,American Sniper,2014,7.3,72,429852
932,Divergent,2014,6.7,48,418361
933,Fury,2014,7.6,64,415300
934,The Amazing Spider-Man 2,2014,6.6,53,409385
935,The Maze Runner,2014,6.8,57,408806
936,Dawn of the Planet of the Apes,2014,7.6,79,406670
937,The Hunger Games: Mockingjay - Part 1,2014,6.6,64,404449
938,Big Hero 6,2014,7.8,74,400892
939,The Theory of Everything,2014,7.7,72,390407
940,Godzilla,2014,6.4,62,369833
941,22 Jump Street,2014,7.0,71,339264
942,The Fault in Our Stars,2014,7.7,69,337129
943,Maleficent,2014,7.0,56,336622
944,Boyhood,2014,7.9,100,330817
945,The Equalizer,2014,7.2,57,325537
946,The Lego Movie,2014,7.7,83,319341
947,The Interview,2014,6.5,52,301908
948,How to Train Your Dragon 2,2014,7.8,76,298429
949,Transformers: Age of Extinction,2014,5.6,32,294802
950,Neighbors,2014,6.3,68,280918
951,300: Rise of an Empire,2014,6.2,48,276652
952,Non-Stop,2014,6.9,56,246472
953,Predestination,2014,7.5,69,245914
954,Noah,2014,5.7,68,240007
955,RoboCop,2014,6.1,52,213762
956,Transcendence,2014,6.3,42,213723
957,It Follows,2014,6.8,83,203307
958,Teenage Mutant Ninja Turtles,2014,5.8,31,198614
959,The Babadook,2014,6.8,86,190407
960,Interstellar,2014,8.6,74,1449570
961,Guardians of the Galaxy,2014,8.0,76,1023411
962,Gone Girl,2014,8.1,79,833556
963,Captain America: The Winter Soldier,2014,7.7,70,719133
964,Whiplash,2014,8.5,88,690807
965,The Grand Budapest Hotel,2014,8.1,88,687706
966,The Imitation Game,2014,8.0,73,668082
967,X-Men: Days of Future Past,2014,8.0,75,650443
968,Edge of Tomorrow,2014,7.9,71,586168
969,Kingsman: The Secret Service,2014,7.7,60,579416
970,Birdman or (The Unexpected Virtue of Ignorance),2014,7.7,87,566523
971,John Wick,2014,7.4,68,520393
972,The Hobbit: The Battle of the Five Armies,2014,7.4,59,464178
973,Ex Machina,2014,7.7,78,462683
974,Nightcrawler,2014,7.9,76,449256
975,Lucy,2014,6.4,61,433957
976,American Sniper,2014,7.3,72,429852
977,Divergent,2014,6.7,48,418361
978,Fury,2014,7.6,64,415300
979,The Amazing Spider-Man 2,2014,6.6,53,409385
980,The Maze Runner,2014,6.8,57,408806
981,Dawn of the Planet of the Apes,2014,7.6,79,406670
982,The Hunger Games: Mockingjay - Part 1,2014,6.6,64,404449
983,Big Hero 6,2014,7.8,74,400892
984,The Theory of Everything,2014,7.7,72,390407
985,Godzilla,2014,6.4,62,369833
986,22 Jump Street,2014,7.0,71,339264
987,The Fault in Our Stars,2014,7.7,69,337129
988,Maleficent,2014,7.0,56,336622
989,Boyhood,2014,7.9,100,330817
990,The Equalizer,2014,7.2,57,325537
991,The Lego Movie,2014,7.7,83,319341
992,The Interview,2014,6.5,52,301908
993,How to Train Your Dragon 2,2014,7.8,76,298429
994,Transformers: Age of Extinction,2014,5.6,32,294802
995,Neighbors,2014,6.3,68,280918
996,300: Rise of an Empire,2014,6.2,48,276652
997,Non-Stop,2014,6.9,56,246472
998,Predestination,2014,7.5,69,245914
999,Noah,2014,5.7,68,240007
1000,RoboCop,2014,6.1,52,213762
1001,Transcendence,2014,6.3,42,213723
1002,It Follows,2014,6.8,83,203307
1003,Teenage Mutant Ninja Turtles,2014,5.8,31,198614
1004,The Babadook,2014,6.8,86,190407
1005,Interstellar,2014,8.6,74,1449570
1006,Guardians of the Galaxy,2014,8.0,76,1023411
1007,Gone Girl,2014,8.1,79,833556
1008,Captain America: The Winter Soldier,2014,7.7,70,719133
1009,Whiplash,2014,8.5,88,690807
1010,The Grand Budapest Hotel,2014,8.1,88,687706
1011,The Imitation Game,2014,8.0,73,668082
1012,X-Men: Days of Future Past,2014,8.0,75,650443
1013,Edge of Tomorrow,2014,7.9,71,586168
1014,Kingsman: The Secret Service,2014,7.7,60,579416
1015,Birdman or (The Unexpected Virtue of Ignorance),2014,7.7,87,566523
1016,John Wick,2014,7.4,68,520393
1017,The Hobbit: The Battle of the Five Armies,2014,7.4,59,464178
1018,Ex Machina,2014,7.7,78,462683
1019,Nightcrawler,2014,7.9,76,449256
1020,Lucy,2014,6.4,61,433957
1021,American Sniper,2014,7.3,72,429852
1022,Divergent,2014,6.7,48,418361
1023,Fury,2014,7.6,64,415300
1024,The Amazing Spider-Man 2,2014,6.6,53,409385
1025,The Maze Runner,2014,6.8,57,408806
1026,Dawn of the Planet of the Apes,2014,7.6,79,406670
1027,The Hunger Games: Mockingjay - Part 1,2014,6.6,64,404449
1028,Big Hero 6,2014,7.8,74,400892
1029,The Theory of Everything,2014,7.7,72,390407
1030,Godzilla,2014,6.4,62,369833
1031,22 Jump Street,2014,7.0,71,339264
1032,The Fault in Our Stars,2014,7.7,69,337129
1033,Maleficent,2014,7.0,56,336622
1034,Boyhood,2014,7.9,100,330817
1035,The Equalizer,2014,7.2,57,325537
1036,The Lego Movie,2014,7.7,83,319341
1037,The Interview,2014,6.5,52,301908
1038,How to Train Your Dragon 2,2014,7.8,76,298429
1039,Transformers: Age of Extinction,2014,5.6,32,294802
1040,Neighbors,2014,6.3,68,280918
1041,300: Rise of an Empire,2014,6.2,48,276652
1042,Non-Stop,2014,6.9,56,246472
1043,Predestination,2014,7.5,69,245914
1044,Noah,2014,5.7,68,240007
1045,RoboCop,2014,6.1,52,213762
1046,Transcendence,2014,6.3,42,213723
1047,It Follows,2014,6.8,83,203307
1048,Teenage Mutant Ninja Turtles,2014,5.8,31,198614
1049,The Babadook,2014,6.8,86,190407
1050,Interstellar,2014,8.6,74,1449570
1051,Guardians of the Galaxy,2014,8.0,76,1023411
1052,Gone Girl,2014,8.1,79,833556
1053,Captain America: The Winter Soldier,2014,7.7,70,719133
1054,Whiplash,2014,8.5,88,690807
1055,The Grand Budapest Hotel,2014,8.1,88,687706
1056,The Imitation Game,2014,8.0,73,668082
1057,X-Men: Days of Future Past,2014,8.0,75,650443
1058,Edge of Tomorrow,2014,7.9,71,586168
1059,Kingsman: The Secret Service,2014,7.7,60,579416
1060,Birdman or (The Unexpected Virtue of Ignorance),2014,7.7,87,566523
1061,John Wick,2014,7.4,68,520393
1062,The Hobbit: The Battle of the Five Armies,2014,7.4,59,464178
1063,Ex Machina,2014,7.7,78,462683
1064,Nightcrawler,2014,7.9,76,449256
1065,Lucy,2014,6.4,61,433957
1066,American Sniper,2014,7.3,72,429852
1067,Divergent,2014,6.7,48,418361
1068,Fury,2014,7.6,64,415300
1069,The Amazing Spider-Man 2,2014,6.6,53,409385
1070,The Maze Runner,2014,6.8,57,408806
1071,Dawn of the Planet of the Apes,2014,7.6,79,406670
1072,The Hunger Games: Mockingjay - Part 1,2014,6.6,64,404449
1073,Big Hero 6,2014,7.8,74,400892
1074,The Theory of Everything,2014,7.7,72,390407
1075,Godzilla,2014,6.4,62,369833
1076,22 Jump Street,2014,7.0,71,339264
1077,The Fault in Our Stars,2014,7.7,69,337129
1078,Maleficent,2014,7.0,56,336622
1079,Boyhood,2014,7.9,100,330817
1080,The Equalizer,2014,7.2,57,325537
1081,The Lego Movie,2014,7.7,83,319341
1082,The Interview,2014,6.5,52,301908
1083,How to Train Your Dragon 2,2014,7.8,76,298429
1084,Transformers: Age of Extinction,2014,5.6,32,294802
1085,Neighbors,2014,6.3,68,280918
1086,300: Rise of an Empire,2014,6.2,48,276652
1087,Non-Stop,2014,6.9,56,246472
1088,Predestination,2014,7.5,69,245914
1089,Noah,2014,5.7,68,240007
1090,RoboCop,2014,6.1,52,213762
1091,Transcendence,2014,6.3,42,213723
1092,It Follows,2014,6.8,83,203307
1093,Teenage Mutant Ninja Turtles,2014,5.8,31,198614
1094,The Babadook,2014,6.8,86,190407
1095,Interstellar,2014,8.6,74,1449570
1096,Guardians of the Galaxy,2014,8.0,76,1023411
1097,Gone Girl,2014,8.1,79,833556
1098,Captain America: The Winter Soldier,2014,7.7,70,719133
1099,Whiplash,2014,8.5,88,690807
1100,The Grand Budapest Hotel,2014,8.1,88,687706
1101,The Imitation Game,2014,8.0,73,668082
1102,X-Men: Days of Future Past,2014,8.0,75,650443
1103,Edge of Tomorrow,2014,7.9,71,586168
1104,Kingsman: The Secret Service,2014,7.7,60,579416
1105,Birdman or (The Unexpected Virtue of Ignorance),2014,7.7,87,566523
1106,John Wick,2014,7.4,68,520393
1107,The Hobbit: The Battle of the Five Armies,2014,7.4,59,464178
1108,Ex Machina,2014,7.7,78,462683
1109,Nightcrawler,2014,7.9,76,449256
1110,Lucy,2014,6.4,61,433957
1111,American Sniper,2014,7.3,72,429852
1112,Divergent,2014,6.7,48,418361
1113,Fury,2014,7.6,64,415300
1114,The Amazing Spider-Man 2,2014,6.6,53,409385
1115,The Maze Runner,2014,6.8,57,408806
1116,Dawn of the Planet of the Apes,2014,7.6,79,406670
1117,The Hunger Games: Mockingjay - Part 1,2014,6.6,64,404449
1118,Big Hero 6,2014,7.8,74,400892
1119,The Theory of Everything,2014,7.7,72,390407
1120,Godzilla,2014,6.4,62,369833
1121,22 Jump Street,2014,7.0,71,339264
1122,The Fault in Our Stars,2014,7.7,69,337129
1123,Maleficent,2014,7.0,56,336622
1124,Boyhood,2014,7.9,100,330817
1125,The Equalizer,2014,7.2,57,325537
1126,The Lego Movie,2014,7.7,83,319341
1127,The Interview,2014,6.5,52,301908
1128,How to Train Your Dragon 2,2014,7.8,76,298429
1129,Transformers: Age of Extinction,2014,5.6,32,294802
1130,Neighbors,2014,6.3,68,280918
1131,300: Rise of an Empire,2014,6.2,48,276652
1132,Non-Stop,2014,6.9,56,246472
1133,Predestination,2014,7.5,69,245914
1134,Noah,2014,5.7,68,240007
1135,RoboCop,2014,6.1,52,213762
1136,Transcendence,2014,6.3,42,213723
1137,It Follows,2014,6.8,83,203307
1138,Teenage Mutant Ninja Turtles,2014,5.8,31,198614
1139,The Babadook,2014,6.8,86,190407
1140,Mad Max: Fury Road,2015,8.1,90,856627
1141,Star Wars: The Force Awakens,2015,7.9,80,845135
1142,The Martian,2015,8.0,80,740798
1143,Avengers: Age of Ultron,2015,7.3,66,722738
1144,The Revenant,2015,8.0,76,685022
1145,Inside Out,2015,8.1,94,592639
1146,Jurassic World,2015,7.0,59,569549
1147,Ant-Man,2015,7.3,64,553823
1148,The Hateful Eight,2015,7.8,68,499104
1149,Spotlight,2015,8.1,93,406884
1150,Spectre,2015,6.8,60,376168
1151,Sicario,2015,7.6,82,360636
1152,Room,2015,8.1,86,357198
1153,Fast & Furious 7,2015,7.1,67,353579
1154,The Big Short,2015,7.8,81,348923
1155,Mission: Impossible - Rogue Nation,2015,7.4,75,334551
1156,Fifty Shades of Grey,2015,4.1,46,293287
1157,Bridge of Spies,2015,7.6,81,281261
1158,The Hunger Games: Mockingjay - Part 2,2015,6.5,65,277430
1159,The Man from U.N.C.L.E.,2015,7.3,56,262647
1160,Terminator Genisys,2015,6.3,38,254825
1161,Creed,2015,7.6,82,241775
1162,Chappie,2015,6.8,41,226039
1163,Spy,2015,7.0,75,225983
1164,Maze Runner: The Scorch Trials,2015,6.3,43,216144
1165,Southpaw,2015,7.4,57,213246
1166,The Intern,2015,7.1,51,213031
1167,Insurgent,2015,6.2,42,212861
1168,Focus,2015,6.6,56,212474
1169,The Lobster,2015,7.2,82,210196
1170,Minions,2015,6.4,56,207796
1171,San Andreas,2015,6.1,43,207562
1172,Everest,2015,7.1,64,192988
1173,The VVitch: A New-England Folktale,2015,6.9,83,189068
1174,Ted 2,2015,6.3,48,180334
1175,Straight Outta Compton,2015,7.8,72,176188
1176,Jupiter Ascending,2015,5.3,40,175943
1177,Tomorrowland,2015,6.4,60,169590
1178,Black Mass,2015,6.9,68,164674
1179,The Danish Girl,2015,7.1,66,159729
1180,Cinderella,2015,6.9,67,155656
1181,Legend,2015,6.9,55,153754
1182,The Age of Adaline,2015,7.2,51,150676
1183,Steve Jobs,2015,7.2,82,150533
1184,Fantastic Four,2015,4.3,27,149224
1185,Mad Max: Fury Road,2015,8.1,90,856627
1186,Star Wars: The Force Awakens,2015,7.9,80,845135
1187,The Martian,2015,8.0,80,740798
1188,Avengers: Age of Ultron,2015,7.3,66,722738
1189,The Revenant,2015,8.0,76,685022
1190,Inside Out,2015,8.1,94,592639
1191,Jurassic World,2015,7.0,59,569549
1192,Ant-Man,2015,7.3,64,553823
1193,The Hateful Eight,2015,7.8,68,499104
1194,Spotlight,2015,8.1,93,406884
1195,Spectre,2015,6.8,60,376168
1196,Sicario,2015,7.6,82,360636
1197,Room,2015,8.1,86,357198
1198,Fast & Furious 7,2015,7.1,67,353579
1199,The Big Short,2015,7.8,81,348923
1200,Mission: Impossible - Rogue Nation,2015,7.4,75,334551
1201,Fifty Shades of Grey,2015,4.1,46,293287
1202,Bridge of Spies,2015,7.6,81,281261
1203,The Hunger Games: Mockingjay - Part 2,2015,6.5,65,277430
1204,The Man from U.N.C.L.E.,2015,7.3,56,262647
1205,Terminator Genisys,2015,6.3,38,254825
1206,Creed,2015,7.6,82,241775
1207,Chappie,2015,6.8,41,226039
1208,Spy,2015,7.0,75,225983
1209,Maze Runner: The Scorch Trials,2015,6.3,43,216144
1210,Southpaw,2015,7.4,57,213246
1211,The Intern,2015,7.1,51,213031
1212,Insurgent,2015,6.2,42,212861
1213,Focus,2015,6.6,56,212474
1214,The Lobster,2015,7.2,82,210196
1215,Minions,2015,6.4,56,207796
1216,San Andreas,2015,6.1,43,207562
1217,Everest,2015,7.1,64,192988
1218,The VVitch: A New-England Folktale,2015,6.9,83,189068
1219,Ted 2,2015,6.3,48,180334
1220,Straight Outta Compton,2015,7.8,72,176188
1221,Jupiter Ascending,2015,5.3,40,175943
1222,Tomorrowland,2015,6.4,60,169590
1223,Black Mass,2015,6.9,68,164674
1224,The Danish Girl,2015,7.1,66,159729
1225,Cinderella,2015,6.9,67,155656
1226,Legend,2015,6.9,55,153754
1227,The Age of Adaline,2015,7.2,51,150676
1228,Steve Jobs,2015,7.2,82,150533
1229,Fantastic Four,2015,4.3,27,149224
1230,Mad Max: Fury Road,2015,8.1,90,856627
1231,Star Wars: The Force Awakens,2015,7.9,80,845135
1232,The Martian,2015,8.0,80,740798
1233,Avengers: Age of Ultron,2015,7.3,66,722738
1234,The Revenant,2015,8.0,76,685022
1235,Inside Out,2015,8.1,94,592639
1236,Jurassic World,2015,7.0,59,569549
1237,Ant-Man,2015,7.3,64,553823
1238,The Hateful Eight,2015,7.8,68,499104
1239,Spotlight,2015,8.1,93,406884
1240,Spectre,2015,6.8,60,376168
1241,Sicario,2015,7.6,82,360636
1242,Room,2015,8.1,86,357198
1243,Fast & Furious 7,2015,7.1,67,353579
1244,The Big Short,2015,7.8,81,348923
1245,Mission: Impossible - Rogue Nation,2015,7.4,75,334551
1246,Fifty Shades of Grey,2015,4.1,46,293287
1247,Bridge of Spies,2015,7.6,81,281261
1248,The Hunger Games: Mockingjay - Part 2,2015,6.5,65,277430
1249,The Man from U.N.C.L.E.,2015,7.3,56,262647
1250,Terminator Genisys,2015,6.3,38,254825
1251,Creed,2015,7.6,82,241775
1252,Chappie,2015,6.8,41,226039
1253,Spy,2015,7.0,75,225983
1254,Maze Runner: The Scorch Trials,2015,6.3,43,216144
1255,Southpaw,2015,7.4,57,213246
1256,The Intern,2015,7.1,51,213031
1257,Insurgent,2015,6.2,42,212861
1258,Focus,2015,6.6,56,212474
1259,The Lobster,2015,7.2,82,210196
1260,Minions,2015,6.4,56,207796
1261,San Andreas,2015,6.1,43,207562
1262,Everest,2015,7.1,64,192988
1263,The VVitch: A New-England Folktale,2015,6.9,83,189068
1264,Ted 2,2015,6.3,48,180334
1265,Straight Outta Compton,2015,7.8,72,176188
1266,Jupiter Ascending,2015,5.3,40,175943
1267,Tomorrowland,2015,6.4,60,169590
1268,Black Mass,2015,6.9,68,164674
1269,The Danish Girl,2015,7.1,66,159729
1270,Cinderella,2015,6.9,67,155656
1271,Legend,2015,6.9,55,153754
1272,The Age of Adaline,2015,7.2,51,150676
1273,Steve Jobs,2015,7.2,82,150533
1274,Fantastic Four,2015,4.3,27,149224
1275,Mad Max: Fury Road,2015,8.1,90,856627
1276,Star Wars: The Force Awakens,2015,7.9,80,845135
1277,The Martian,2015,8.0,80,740798
1278,Avengers: Age of Ultron,2015,7.3,66,722738
1279,The Revenant,2015,8.0,76,685022
1280,Inside Out,2015,8.1,94,592639
1281,Jurassic World,2015,7.0,59,569549
1282,Ant-Man,2015,7.3,64,553823
1283,The Hateful Eight,2015,7.8,68,499104
1284,Spotlight,2015,8.1,93,406884
1285,Spectre,2015,6.8,60,376168
1286,Sicario,2015,7.6,82,360636
1287,Room,2015,8.1,86,357198
1288,Fast & Furious 7,2015,7.1,67,353579
1289,The Big Short,2015,7.8,81,348923
1290,Mission: Impossible - Rogue Nation,2015,7.4,75,334551
1291,Fifty Shades of Grey,2015,4.1,46,293287
1292,Bridge of Spies,2015,7.6,81,281261
1293,The Hunger Games: Mockingjay - Part 2,2015,6.5,65,277430
1294,The Man from U.N.C.L.E.,2015,7.3,56,262647
1295,Terminator Genisys,2015,6.3,38,254825
1296,Creed,2015,7.6,82,241775
1297,Chappie,2015,6.8,41,226039
1298,Spy,2015,7.0,75,225983
1299,Maze Runner: The Scorch Trials,2015,6.3,43,216144
1300,Southpaw,2015,7.4,57,213246
1301,The Intern,2015,7.1,51,213031
1302,Insurgent,2015,6.2,42,212861
1303,Focus,2015,6.6,56,212474
1304,The Lobster,2015,7.2,82,210196
1305,Minions,2015,6.4,56,207796
1306,San Andreas,2015,6.1,43,207562
1307,Everest,2015,7.1,64,192988
1308,The VVitch: A New-England Folktale,2015,6.9,83,189068
1309,Ted 2,2015,6.3,48,180334
1310,Straight Outta Compton,2015,7.8,72,176188
1311,Jupiter Ascending,2015,5.3,40,175943
1312,Tomorrowland,2015,6.4,60,169590
1313,Black Mass,2015,6.9,68,164674
1314,The Danish Girl,2015,7.1,66,159729
1315,Cinderella,2015,6.9,67,155656
1316,Legend,2015,6.9,55,153754
1317,The Age of Adaline,2015,7.2,51,150676
1318,Steve Jobs,2015,7.2,82,150533
1319,Fantastic Four,2015,4.3,27,149224
1320,Mad Max: Fury Road,2015,8.1,90,856627
1321,Star Wars: The Force Awakens,2015,7.9,80,845135
1322,The Martian,2015,8.0,80,740798
1323,Avengers: Age of Ultron,2015,7.3,66,722738
1324,The Revenant,2015,8.0,76,685022
1325,Inside Out,2015,8.1,94,592639
1326,Jurassic World,2015,7.0,59,569549
1327,Ant-Man,2015,7.3,64,553823
1328,The Hateful Eight,2015,7.8,68,499104
1329,Spotlight,2015,8.1,93,406884
1330,Spectre,2015,6.8,60,376168
1331,Sicario,2015,7.6,82,360636
1332,Room,2015,8.1,86,357198
1333,Fast & Furious 7,2015,7.1,67,353579
1334,The Big Short,2015,7.8,81,348923
1335,Mission: Impossible - Rogue Nation,2015,7.4,75,334551
1336,Fifty Shades of Grey,2015,4.1,46,293287
1337,Bridge of Spies,2015,7.6,81,281261
1338,The Hunger Games: Mockingjay - Part 2,2015,6.5,65,277430
1339,The Man from U.N.C.L.E.,2015,7.3,56,262647
1340,Terminator Genisys,2015,6.3,38,254825
1341,Creed,2015,7.6,82,241775
1342,Chappie,2015,6.8,41,226039
1343,Spy,2015,7.0,75,225983
1344,Maze Runner: The Scorch Trials,2015,6.3,43,216144
1345,Southpaw,2015,7.4,57,213246
1346,The Intern,2015,7.1,51,213031
1347,Insurgent,2015,6.2,42,212861
1348,Focus,2015,6.6,56,212474
1349,The Lobster,2015,7.2,82,210196
1350,Minions,2015,6.4,56,207796
1351,San Andreas,2015,6.1,43,207562
1352,Everest,2015,7.1,64,192988
1353,The VVitch: A New-England Folktale,2015,6.9,83,189068
1354,Ted 2,2015,6.3,48,180334
1355,Straight Outta Compton,2015,7.8,72,176188
1356,Jupiter Ascending,2015,5.3,40,175943
1357,Tomorrowland,2015,6.4,60,169590
1358,Black Mass,2015,6.9,68,164674
1359,The Danish Girl,2015,7.1,66,159729
1360,Cinderella,2015,6.9,67,155656
1361,Legend,2015,6.9,55,153754
1362,The Age of Adaline,2015,7.2,51,150676
1363,Steve Jobs,2015,7.2,82,150533
1364,Fantastic Four,2015,4.3,27,149224
1365,Deadpool,2016,8.0,65,882097
1366,Captain America: Civil War,2016,7.8,75,644287
1367,Batman v Superman: Dawn of Justice,2016,6.4,44,612589
1368,Suicide Squad,2016,6.0,40,586583
1369,Doctor Strange,2016,7.5,72,578738
1370,Arrival,2016,7.9,81,575700
1371,Rogue One,2016,7.8,65,538672
1372,La La Land,2016,8.0,94,488147
1373,Zootopia,2016,8.0,78,421200
1374,Hacksaw Ridge,2016,8.1,71,418394
1375,Split,2016,7.3,62,408299
1376,Fantastic Beasts and Where to Find Them,2016,7.3,66,398572
1377,X-Men: Apocalypse,2016,6.9,52,384906
1378,Passengers,2016,7.0,41,340524
1379,10 Cloverfield Lane,2016,7.2,76,283216
1380,The Nice Guys,2016,7.4,70,270153
1381,Moonlight,2016,7.4,99,263585
1382,Moana,2016,7.6,81,260916
1383,The Jungle Book,2016,7.4,77,254957
1384,The Accountant,2016,7.3,51,253685
1385,Now You See Me 2,2016,6.5,46,240804
1386,Manchester by the Sea,2016,7.8,96,238481
1387,Warcraft,2016,6.8,32,238102
1388,Finding Dory,2016,7.3,77,233614
1389,Sully,2016,7.4,74,229981
1390,Nocturnal Animals,2016,7.5,67,229432
1391,Star Trek Beyond,2016,7.1,68,223300
1392,The Conjuring 2,2016,7.3,65,218079
1393,Don't Breathe,2016,7.1,71,212777
1394,Lion,2016,8.0,69,206755
1395,Jason Bourne,2016,6.6,58,203955
1396,Me Before You,2016,7.4,51,200117
1397,Ghostbusters,2016,5.2,60,200077
1398,Hell or High Water,2016,7.6,88,198304
1399,Hidden Figures,2016,7.8,74,193354
1400,Captain Fantastic,2016,7.9,72,182055
1401,Assassin's Creed,2016,5.7,36,181438
1402,The Magnificent Seven,2016,6.9,54,181240
1403,The Secret Life of Pets,2016,6.5,61,179238
1404,Kimi no na wa.,2016,8.4,79,178494
1405,War Dogs,2016,7.1,57,172248
1406,Sausage Party,2016,6.1,66,171987
1407,The Promise,2016,6.0,49,167369
1408,The Girl on the Train,2016,6.5,48,164892
1409,Independence Day: Resurgence,2016,5.2,32,163992
1410,The Legend of Tarzan,2016,6.2,44,160623
1411,Deadpool,2016,8.0,65,882097
1412,Captain America: Civil War,2016,7.8,75,644287
1413,Batman v Superman: Dawn of Justice,2016,6.4,44,612589
1414,Suicide Squad,2016,6.0,40,586583
1415,Doctor Strange,2016,7.5,72,578738
1416,Arrival,2016,7.9,81,575700
1417,Rogue One,2016,7.8,65,538672
1418,La La Land,2016,8.0,94,488147
1419,Zootopia,2016,8.0,78,421200
1420,Hacksaw Ridge,2016,8.1,71,418394
1421,Split,2016,7.3,62,408299
1422,Fantastic Beasts and Where to Find Them,2016,7.3,66,398572
1423,X-Men: Apocalypse,2016,6.9,52,384906
1424,Passengers,2016,7.0,41,340524
1425,10 Cloverfield Lane,2016,7.2,76,283216
1426,The Nice Guys,2016,7.4,70,270153
1427,Moonlight,2016,7.4,99,263585
1428,Moana,2016,7.6,81,260916
1429,The Jungle Book,2016,7.4,77,254957
1430,The Accountant,2016,7.3,51,253685
1431,Now You See Me 2,2016,6.5,46,240804
1432,Manchester by the Sea,2016,7.8,96,238481
1433,Warcraft,2016,6.8,32,238102
1434,Finding Dory,2016,7.3,77,233614
1435,Sully,2016,7.4,74,229981
1436,Nocturnal Animals,2016,7.5,67,229432
1437,Star Trek Beyond,2016,7.1,68,223300
1438,The Conjuring 2,2016,7.3,65,218079
1439,Don't Breathe,2016,7.1,71,212777
1440,Lion,2016,8.0,69,206755
1441,Jason Bourne,2016,6.6,58,203955
1442,Me Before You,2016,7.4,51,200117
1443,Ghostbusters,2016,5.2,60,200077
1444,Hell or High Water,2016,7.6,88,198304
1445,Hidden Figures,2016,7.8,74,193354
1446,Captain Fantastic,2016,7.9,72,182055
1447,Assassin's Creed,2016,5.7,36,181438
1448,The Magnificent Seven,2016,6.9,54,181240
1449,The Secret Life of Pets,2016,6.5,61,179238
1450,Kimi no na wa.,2016,8.4,79,178494
1451,War Dogs,2016,7.1,57,172248
1452,Sausage Party,2016,6.1,66,171987
1453,The Promise,2016,6.0,49,167369
1454,The Girl on the Train,2016,6.5,48,164892
1455,Independence Day: Resurgence,2016,5.2,32,163992
1456,The Legend of Tarzan,2016,6.2,44,160623
1457,Deadpool,2016,8.0,65,882097
1458,Captain America: Civil War,2016,7.8,75,644287
1459,Batman v Superman: Dawn of Justice,2016,6.4,44,612589
1460,Suicide Squad,2016,6.0,40,586583
1461,Doctor Strange,2016,7.5,72,578738
1462,Arrival,2016,7.9,81,575700
1463,Rogue One,2016,7.8,65,538672
1464,La La Land,2016,8.0,94,488147
1465,Zootopia,2016,8.0,78,421200
1466,Hacksaw Ridge,2016,8.1,71,418394
1467,Split,2016,7.3,62,408299
1468,Fantastic Beasts and Where to Find Them,2016,7.3,66,398572
1469,X-Men: Apocalypse,2016,6.9,52,384906
1470,Passengers,2016,7.0,41,340524
1471,10 Cloverfield Lane,2016,7.2,76,283216
1472,The Nice Guys,2016,7.4,70,270153
1473,Moonlight,2016,7.4,99,263585
1474,Moana,2016,7.6,81,260916
1475,The Jungle Book,2016,7.4,77,254957
1476,The Accountant,2016,7.3,51,253685
1477,Now You See Me 2,2016,6.5,46,240804
1478,Manchester by the Sea,2016,7.8,96,238481
1479,Warcraft,2016,6.8,32,238102
1480,Finding Dory,2016,7.3,77,233614
1481,Sully,2016,7.4,74,229981
1482,Nocturnal Animals,2016,7.5,67,229432
1483,Star Trek Beyond,2016,7.1,68,223300
1484,The Conjuring 2,2016,7.3,65,218079
1485,Don't Breathe,2016,7.1,71,212777
1486,Lion,2016,8.0,69,206755
1487,Jason Bourne,2016,6.6,58,203955
1488,Me Before You,2016,7.4,51,200117
1489,Ghostbusters,2016,5.2,60,200077
1490,Hell or High Water,2016,7.6,88,198304
1491,Hidden Figures,2016,7.8,74,193354
1492,Captain Fantastic,2016,7.9,72,182055
1493,Assassin's Creed,2016,5.7,36,181438
1494,The Magnificent Seven,2016,6.9,54,181240
1495,The Secret Life of Pets,2016,6.5,61,179238
1496,Kimi no na wa.,2016,8.4,79,178494
1497,War Dogs,2016,7.1,57,172248
1498,Sausage Party,2016,6.1,66,171987
1499,The Promise,2016,6.0,49,167369
1500,The Girl on the Train,2016,6.5,48,164892
1501,Independence Day: Resurgence,2016,5.2,32,163992
1502,The Legend of Tarzan,2016,6.2,44,160623
1503,Deadpool,2016,8.0,65,882097
1504,Captain America: Civil War,2016,7.8,75,644287
1505,Batman v Superman: Dawn of Justice,2016,6.4,44,612589
1506,Suicide Squad,2016,6.0,40,586583
1507,Doctor Strange,2016,7.5,72,578738
1508,Arrival,2016,7.9,81,575700
1509,Rogue One,2016,7.8,65,538672
1510,La La Land,2016,8.0,94,488147
1511,Zootopia,2016,8.0,78,421200
1512,Hacksaw Ridge,2016,8.1,71,418394
1513,Split,2016,7.3,62,408299
1514,Fantastic Beasts and Where to Find Them,2016,7.3,66,398572
1515,X-Men: Apocalypse,2016,6.9,52,384906
1516,Passengers,2016,7.0,41,340524
1517,10 Cloverfield Lane,2016,7.2,76,283216
1518,The Nice Guys,2016,7.4,70,270153
1519,Moonlight,2016,7.4,99,263585
1520,Moana,2016,7.6,81,260916
1521,The Jungle Book,2016,7.4,77,254957
1522,The Accountant,2016,7.3,51,253685
1523,Now You See Me 2,2016,6.5,46,240804
1524,Manchester by the Sea,2016,7.8,96,238481
1525,Warcraft,2016,6.8,32,238102
1526,Finding Dory,2016,7.3,77,233614
1527,Sully,2016,7.4,74,229981
1528,Nocturnal Animals,2016,7.5,67,229432
1529,Star Trek Beyond,2016,7.1,68,223300
1530,The Conjuring 2,2016,7.3,65,218079
1531,Don't Breathe,2016,7.1,71,212777
1532,Lion,2016,8.0,69,206755
1533,Jason Bourne,2016,6.6,58,203955
1534,Me Before You,2016,7.4,51,200117
1535,Ghostbusters,2016,5.2,60,200077
1536,Hell or High Water,2016,7.6,88,198304
1537,Hidden Figures,2016,7.8,74,193354
1538,Captain Fantastic,2016,7.9,72,182055
1539,Assassin's Creed,2016,5.7,36,181438
1540,The Magnificent Seven,2016,6.9,54,181240
1541,The Secret Life of Pets,2016,6.5,61,179238
1542,Kimi no na wa.,2016,8.4,79,178494
1543,War Dogs,2016,7.1,57,172248
1544,Sausage Party,2016,6.1,66,171987
1545,The Promise,2016,6.0,49,167369
1546,The Girl on the Train,2016,6.5,48,164892
1547,Independence Day: Resurgence,2016,5.2,32,163992
1548,The Legend of Tarzan,2016,6.2,44,160623
1549,Deadpool,2016,8.0,65,882097
1550,Captain America: Civil War,2016,7.8,75,644287
1551,Batman v Superman: Dawn of Justice,2016,6.4,44,612589
1552,Suicide Squad,2016,6.0,40,586583
1553,Doctor Strange,2016,7.5,72,578738
1554,Arrival,2016,7.9,81,575700
1555,Rogue One,2016,7.8,65,538672
1556,La La Land,2016,8.0,94,488147
1557,Zootopia,2016,8.0,78,421200
1558,Hacksaw Ridge,2016,8.1,71,418394
1559,Split,2016,7.3,62,408299
1560,Fantastic Beasts and Where to Find Them,2016,7.3,66,398572
1561,X-Men: Apocalypse,2016,6.9,52,384906
1562,Passengers,2016,7.0,41,340524
1563,10 Cloverfield Lane,2016,7.2,76,283216
1564,The Nice Guys,2016,7.4,70,270153
1565,Moonlight,2016,7.4,99,263585
1566,Moana,2016,7.6,81,260916
1567,The Jungle Book,2016,7.4,77,254957
1568,The Accountant,2016,7.3,51,253685
1569,Now You See Me 2,2016,6.5,46,240804
1570,Manchester by the Sea,2016,7.8,96,238481
1571,Warcraft,2016,6.8,32,238102
1572,Finding Dory,2016,7.3,77,233614
1573,Sully,2016,7.4,74,229981
1574,Nocturnal Animals,2016,7.5,67,229432
1575,Star Trek Beyond,2016,7.1,68,223300
1576,The Conjuring 2,2016,7.3,65,218079
1577,Don't Breathe,2016,7.1,71,212777
1578,Lion,2016,8.0,69,206755
1579,Jason Bourne,2016,6.6,58,203955
1580,Me Before You,2016,7.4,51,200117
1581,Ghostbusters,2016,5.2,60,200077
1582,Hell or High Water,2016,7.6,88,198304
1583,Hidden Figures,2016,7.8,74,193354
1584,Captain Fantastic,2016,7.9,72,182055
1585,Assassin's Creed,2016,5.7,36,181438
1586,The Magnificent Seven,2016,6.9,54,181240
1587,The Secret Life of Pets,2016,6.5,61,179238
1588,Kimi no na wa.,2016,8.4,79,178494
1589,War Dogs,2016,7.1,57,172248
1590,Sausage Party,2016,6.1,66,171987
1591,The Promise,2016,6.0,49,167369
1592,The Girl on the Train,2016,6.5,48,164892
1593,Independence Day: Resurgence,2016,5.2,32,163992
1594,The Legend of Tarzan,2016,6.2,44,160623
1595,Logan,2017,8.1,77,627557
1596,Thor: Ragnarok,2017,7.9,74,564568
1597,Guardians of the Galaxy Vol. 2,2017,7.6,67,550234
1598,Star Wars: The Last Jedi,2017,7.0,84,547826
1599,Wonder Woman,2017,7.4,76,535969
1600,Dunkirk,2017,7.9,94,531500
1601,Spider-Man: Homecoming,2017,7.4,73,494104
1602,Get Out,2017,7.7,85,472449
1603,It,2017,7.3,69,442769
1604,Blade Runner 2049,2017,8.0,81,440939
1605,Baby Driver,2017,7.6,86,422627
1606,"Three Billboards Outside Ebbing, Missouri",2017,8.2,88,411739
1607,Justice League,2017,6.3,45,371126
1608,The Shape of Water,2017,7.3,87,357614
1609,Coco,2017,8.4,81,352526
1610,John Wick: Chapter 2,2017,7.5,75,352078
1611,Jumanji: Welcome to the Jungle,2017,6.9,58,308749
1612,Beauty and the Beast,2017,7.1,65,264007
1613,Kingsman: The Golden Circle,2017,6.7,44,262346
1614,Kong: Skull Island,2017,6.6,62,262008
1615,Pirates of the Caribbean: Dead Men Tell No Tales,2017,6.6,39,254639
1616,Alien: Covenant,2017,6.4,65,248109
1617,Lady Bird,2017,7.4,94,228848
1618,The Greatest Showman,2017,7.6,48,226562
1619,War for the Planet of the Apes,2017,7.4,82,222186
1620,Murder on the Orient Express,2017,6.5,52,203271
1621,Life,2017,6.6,54,202385
1622,The Fate of the Furious,2017,6.7,56,199401
1623,Call Me by Your Name,2017,7.9,93,199391
1624,Wind River,2017,7.7,73,195540
1625,Ghost in the Shell,2017,6.3,52,191550
1626,King Arthur: Legend of the Sword,2017,6.7,41,187088
1627,Mother!,2017,6.6,75,184679
1628,The Hitman's Bodyguard,2017,6.9,47,181099
1629,"I, Tonya",2017,7.5,77,173264
1630,Atomic Blonde,2017,6.7,63,171066
1631,The Mummy,2017,5.4,34,169136
1632,Darkest Hour,2017,7.4,75,165722
1633,Bright,2017,6.3,29,164644
1634,Valerian and the City of a Thousand Planets,2017,6.5,51,157571
1635,Baywatch,2017,5.5,37,156282
1636,American Made,2017,7.2,65,153397
1637,Logan,2017,8.1,77,627557
1638,Thor: Ragnarok,2017,7.9,74,564568
1639,Guardians of the Galaxy Vol. 2,2017,7.6,67,550234
1640,Star Wars: The Last Jedi,2017,7.0,84,547826
1641,Wonder Woman,2017,7.4,76,535969
1642,Dunkirk,2017,7.9,94,531500
1643,Spider-Man: Homecoming,2017,7.4,73,494104
1644,Get Out,2017,7.7,85,472449
1645,It,2017,7.3,69,442769
1646,Blade Runner 2049,2017,8.0,81,440939
1647,Baby Driver,2017,7.6,86,422627
1648,"Three Billboards Outside Ebbing, Missouri",2017,8.2,88,411739
1649,Justice League,2017,6.3,45,371126
1650,The Shape of Water,2017,7.3,87,357614
1651,Coco,2017,8.4,81,352526
1652,John Wick: Chapter 2,2017,7.5,75,352078
1653,Jumanji: Welcome to the Jungle,2017,6.9,58,308749
1654,Beauty and the Beast,2017,7.1,65,264007
1655,Kingsman: The Golden Circle,2017,6.7,44,262346
1656,Kong: Skull Island,2017,6.6,62,262008
1657,Pirates of the Caribbean: Dead Men Tell No Tales,2017,6.6,39,254639
1658,Alien: Covenant,2017,6.4,65,248109
1659,Lady Bird,2017,7.4,94,228848
1660,The Greatest Showman,2017,7.6,48,226562
1661,War for the Planet of the Apes,2017,7.4,82,222186
1662,Murder on the Orient Express,2017,6.5,52,203271
1663,Life,2017,6.6,54,202385
1664,The Fate of the Furious,2017,6.7,56,199401
1665,Call Me by Your Name,2017,7.9,93,199391
1666,Wind River,2017,7.7,73,195540
1667,Ghost in the Shell,2017,6.3,52,191550
1668,King Arthur: Legend of the Sword,2017,6.7,41,187088
1669,Mother!,2017,6.6,75,184679
1670,The Hitman's Bodyguard,2017,6.9,47,181099
1671,"I, Tonya",2017,7.5,77,173264
1672,Atomic Blonde,2017,6.7,63,171066
1673,The Mummy,2017,5.4,34,169136
1674,Darkest Hour,2017,7.4,75,165722
1675,Bright,2017,6.3,29,164644
1676,Valerian and the City of a Thousand Planets,2017,6.5,51,157571
1677,Baywatch,2017,5.5,37,156282
1678,American Made,2017,7.2,65,153397
1679,Logan,2017,8.1,77,627557
1680,Thor: Ragnarok,2017,7.9,74,564568
1681,Guardians of the Galaxy Vol. 2,2017,7.6,67,550234
1682,Star Wars: The Last Jedi,2017,7.0,84,547826
1683,Wonder Woman,2017,7.4,76,535969
1684,Dunkirk,2017,7.9,94,531500
1685,Spider-Man: Homecoming,2017,7.4,73,494104
1686,Get Out,2017,7.7,85,472449
1687,It,2017,7.3,69,442769
1688,Blade Runner 2049,2017,8.0,81,440939
1689,Baby Driver,2017,7.6,86,422627
1690,"Three Billboards Outside Ebbing, Missouri",2017,8.2,88,411739
1691,Justice League,2017,6.3,45,371126
1692,The Shape of Water,2017,7.3,87,357614
1693,Coco,2017,8.4,81,352526
1694,John Wick: Chapter 2,2017,7.5,75,352078
1695,Jumanji: Welcome to the Jungle,2017,6.9,58,308749
1696,Beauty and the Beast,2017,7.1,65,264007
1697,Kingsman: The Golden Circle,2017,6.7,44,262346
1698,Kong: Skull Island,2017,6.6,62,262008
1699,Pirates of the Caribbean: Dead Men Tell No Tales,2017,6.6,39,254639
1700,Alien: Covenant,2017,6.4,65,248109
1701,Lady Bird,2017,7.4,94,228848
1702,The Greatest Showman,2017,7.6,48,226562
1703,War for the Planet of the Apes,2017,7.4,82,222186
1704,Murder on the Orient Express,2017,6.5,52,203271
1705,Life,2017,6.6,54,202385
1706,The Fate of the Furious,2017,6.7,56,199401
1707,Call Me by Your Name,2017,7.9,93,199391
1708,Wind River,2017,7.7,73,195540
1709,Ghost in the Shell,2017,6.3,52,191550
1710,King Arthur: Legend of the Sword,2017,6.7,41,187088
1711,Mother!,2017,6.6,75,184679
1712,The Hitman's Bodyguard,2017,6.9,47,181099
1713,"I, Tonya",2017,7.5,77,173264
1714,Atomic Blonde,2017,6.7,63,171066
1715,The Mummy,2017,5.4,34,169136
1716,Darkest Hour,2017,7.4,75,165722
1717,Bright,2017,6.3,29,164644
1718,Valerian and the City of a Thousand Planets,2017,6.5,51,157571
1719,Baywatch,2017,5.5,37,156282
1720,American Made,2017,7.2,65,153397
1721,Logan,2017,8.1,77,627557
1722,Thor: Ragnarok,2017,7.9,74,564568
1723,Guardians of the Galaxy Vol. 2,2017,7.6,67,550234
1724,Star Wars: The Last Jedi,2017,7.0,84,547826
1725,Wonder Woman,2017,7.4,76,535969
1726,Dunkirk,2017,7.9,94,531500
1727,Spider-Man: Homecoming,2017,7.4,73,494104
1728,Get Out,2017,7.7,85,472449
1729,It,2017,7.3,69,442769
1730,Blade Runner 2049,2017,8.0,81,440939
1731,Baby Driver,2017,7.6,86,422627
1732,"Three Billboards Outside Ebbing, Missouri",2017,8.2,88,411739
1733,Justice League,2017,6.3,45,371126
1734,The Shape of Water,2017,7.3,87,357614
1735,Coco,2017,8.4,81,352526
1736,John Wick: Chapter 2,2017,7.5,75,352078
1737,Jumanji: Welcome to the Jungle,2017,6.9,58,308749
1738,Beauty and the Beast,2017,7.1,65,264007
1739,Kingsman: The Golden Circle,2017,6.7,44,262346
1740,Kong: Skull Island,2017,6.6,62,262008
1741,Pirates of the Caribbean: Dead Men Tell No Tales,2017,6.6,39,254639
1742,Alien: Covenant,2017,6.4,65,248109
1743,Lady Bird,2017,7.4,94,228848
1744,The Greatest Showman,2017,7.6,48,226562
1745,War for the Planet of the Apes,2017,7.4,82,222186
1746,Murder on the Orient Express,2017,6.5,52,203271
1747,Life,2017,6.6,54,202385
1748,The Fate of the Furious,2017,6.7,56,199401
1749,Call Me by Your Name,2017,7.9,93,199391
1750,Wind River,2017,7.7,73,195540
1751,Ghost in the Shell,2017,6.3,52,191550
1752,King Arthur: Legend of the Sword,2017,6.7,41,187088
1753,Mother!,2017,6.6,75,184679
1754,The Hitman's Bodyguard,2017,6.9,47,181099
1755,"I, Tonya",2017,7.5,77,173264
1756,Atomic Blonde,2017,6.7,63,171066
1757,The Mummy,2017,5.4,34,169136
1758,Darkest Hour,2017,7.4,75,165722
1759,Bright,2017,6.3,29,164644
1760,Valerian and the City of a Thousand Planets,2017,6.5,51,157571
1761,Baywatch,2017,5.5,37,156282
1762,American Made,2017,7.2,65,153397
1763,Logan,2017,8.1,77,627557
1764,Thor: Ragnarok,2017,7.9,74,564568
1765,Guardians of the Galaxy Vol. 2,2017,7.6,67,550234
1766,Star Wars: The Last Jedi,2017,7.0,84,547826
1767,Wonder Woman,2017,7.4,76,535969
1768,Dunkirk,2017,7.9,94,531500
1769,Spider-Man: Homecoming,2017,7.4,73,494104
1770,Get Out,2017,7.7,85,472449
1771,It,2017,7.3,69,442769
1772,Blade Runner 2049,2017,8.0,81,440939
1773,Baby Driver,2017,7.6,86,422627
1774,"Three Billboards Outside Ebbing, Missouri",2017,8.2,88,411739
1775,Justice League,2017,6.3,45,371126
1776,The Shape of Water,2017,7.3,87,357614
1777,Coco,2017,8.4,81,352526
1778,John Wick: Chapter 2,2017,7.5,75,352078
1779,Jumanji: Welcome to the Jungle,2017,6.9,58,308749
1780,Beauty and the Beast,2017,7.1,65,264007
1781,Kingsman: The Golden Circle,2017,6.7,44,262346
1782,Kong: Skull Island,2017,6.6,62,262008
1783,Pirates of the Caribbean: Dead Men Tell No Tales,2017,6.6,39,254639
1784,Alien: Covenant,2017,6.4,65,248109
1785,Lady Bird,2017,7.4,94,228848
1786,The Greatest Showman,2017,7.6,48,226562
1787,War for the Planet of the Apes,2017,7.4,82,222186
1788,Murder on the Orient Express,2017,6.5,52,203271
1789,Life,2017,6.6,54,202385
1790,The Fate of the Furious,2017,6.7,56,199401
1791,Call Me by Your Name,2017,7.9,93,199391
1792,Wind River,2017,7.7,73,195540
1793,Ghost in the Shell,2017,6.3,52,191550
1794,King Arthur: Legend of the Sword,2017,6.7,41,187088
1795,Mother!,2017,6.6,75,184679
1796,The Hitman's Bodyguard,2017,6.9,47,181099
1797,"I, Tonya",2017,7.5,77,173264
1798,Atomic Blonde,2017,6.7,63,171066
1799,The Mummy,2017,5.4,34,169136
1800,Darkest Hour,2017,7.4,75,165722
1801,Bright,2017,6.3,29,164644
1802,Valerian and the City of a Thousand Planets,2017,6.5,51,157571
1803,Baywatch,2017,5.5,37,156282
1804,American Made,2017,7.2,65,153397
1805,Avengers: Infinity War,2018,8.4,68,796623
1806,Black Panther,2018,7.3,88,597312
1807,Deadpool 2,2018,7.7,66,460622
1808,Bohemian Rhapsody,2018,8.0,49,433583
1809,A Quiet Place,2018,7.5,82,391422
1810,Ready Player One,2018,7.5,64,353948
1811,Aquaman,2018,6.9,55,348941
1812,Venom,2018,6.7,35,343706
1813,Green Book,2018,8.2,69,341986
1814,Spider-Man: Into the Spider-Verse,2018,8.4,87,335979
1815,A Star Is Born,2018,7.7,88,318557
1816,Ant-Man and the Wasp,2018,7.1,70,295488
1817,Mission: Impossible - Fallout,2018,7.7,86,280996
1818,Solo: A Star Wars Story,2018,6.9,62,278337
1819,Annihilation,2018,6.8,79,271369
1820,Bird Box,2018,6.6,51,266901
1821,Jurassic World: Fallen Kingdom,2018,6.2,51,256560
1822,Incredibles 2,2018,7.6,80,239511
1823,Hereditary,2018,7.3,87,221504
1824,Fantastic Beasts: The Crimes of Grindelwald,2018,6.6,52,209763
1825,BlacKkKlansman,2018,7.5,83,207057
1826,Game Night,2018,6.9,66,198363
1827,Tomb Raider,2018,6.3,48,185714
1828,Ocean's Eight,2018,6.2,61,177212
1829,The Favourite,2018,7.5,91,163862
1830,First Man,2018,7.3,84,159495
1831,Red Sparrow,2018,6.6,53,159368
1832,Upgrade,2018,7.5,67,147828
1833,The Meg,2018,5.6,46,143459
1834,Rampage,2018,6.1,45,137877
1835,Roma,2018,7.7,96,134615
1836,Crazy Rich Asians,2018,6.9,74,133024
1837,Searching,2018,7.6,71,132939
1838,Isle of Dogs,2018,7.9,82,132798
1839,Bumblebee,2018,6.8,66,131532
1840,The Equalizer 2,2018,6.7,50,125898
1841,Ralph Breaks the Internet: Wreck-It Ralph 2,2018,7.1,71,124317
1842,Bad Times at the El Royale,2018,7.1,60,123417
1843,Sicario 2: Soldado,2018,7.1,61,119804
1844,A Simple Favor,2018,6.8,67,119494
1845,The Ballad of Buster Scruggs,2018,7.3,79,115086
1846,Vice,2018,7.2,61,113264
1847,The Predator,2018,5.3,48,113059
1848,The Nun,2018,5.3,46,112645
1849,Halloween,2018,6.6,67,112499
1850,Tag,2018,6.5,56,109269
1851,Avengers: Infinity War,2018,8.4,68,796623
1852,Black Panther,2018,7.3,88,597312
1853,Deadpool 2,2018,7.7,66,460622
1854,Bohemian Rhapsody,2018,8.0,49,433583
1855,A Quiet Place,2018,7.5,82,391422
1856,Ready Player One,2018,7.5,64,353948
1857,Aquaman,2018,6.9,55,348941
1858,Venom,2018,6.7,35,343706
1859,Green Book,2018,8.2,69,341986
1860,Spider-Man: Into the Spider-Verse,2018,8.4,87,335979
1861,A Star Is Born,2018,7.7,88,318557
1862,Ant-Man and the Wasp,2018,7.1,70,295488
1863,Mission: Impossible - Fallout,2018,7.7,86,280996
1864,Solo: A Star Wars Story,2018,6.9,62,278337
1865,Annihilation,2018,6.8,79,271369
1866,Bird Box,2018,6.6,51,266901
1867,Jurassic World: Fallen Kingdom,2018,6.2,51,256560
1868,Incredibles 2,2018,7.6,80,239511
1869,Hereditary,2018,7.3,87,221504
1870,Fantastic Beasts: The Crimes of Grindelwald,2018,6.6,52,209763
1871,BlacKkKlansman,2018,7.5,83,207057
1872,Game Night,2018,6.9,66,198363
1873,Tomb Raider,2018,6.3,48,185714
1874,Ocean's Eight,2018,6.2,61,177212
1875,The Favourite,2018,7.5,91,163862
1876,First Man,2018,7.3,84,159495
1877,Red Sparrow,2018,6.6,53,159368
1878,Upgrade,2018,7.5,67,147828
1879,The Meg,2018,5.6,46,143459
1880,Rampage,2018,6.1,45,137877
1881,Roma,2018,7.7,96,134615
1882,Crazy Rich Asians,2018,6.9,74,133024
1883,Searching,2018,7.6,71,132939
1884,Isle of Dogs,2018,7.9,82,132798
1885,Bumblebee,2018,6.8,66,131532
1886,The Equalizer 2,2018,6.7,50,125898
1887,Ralph Breaks the Internet: Wreck-It Ralph 2,2018,7.1,71,124317
1888,Bad Times at the El Royale,2018,7.1,60,123417
1889,Sicario 2: Soldado,2018,7.1,61,119804
1890,A Simple Favor,2018,6.8,67,119494
1891,The Ballad of Buster Scruggs,2018,7.3,79,115086
1892,Vice,2018,7.2,61,113264
1893,The Predator,2018,5.3,48,113059
1894,The Nun,2018,5.3,46,112645
1895,Halloween,2018,6.6,67,112499
1896,Tag,2018,6.5,56,109269
1897,Avengers: Infinity War,2018,8.4,68,796623
1898,Black Panther,2018,7.3,88,597312
1899,Deadpool 2,2018,7.7,66,460622
1900,Bohemian Rhapsody,2018,8.0,49,433583
1901,A Quiet Place,2018,7.5,82,391422
1902,Ready Player One,2018,7.5,64,353948
1903,Aquaman,2018,6.9,55,348941
1904,Venom,2018,6.7,35,343706
1905,Green Book,2018,8.2,69,341986
1906,Spider-Man: Into the Spider-Verse,2018,8.4,87,335979
1907,A Star Is Born,2018,7.7,88,318557
1908,Ant-Man and the Wasp,2018,7.1,70,295488
1909,Mission: Impossible - Fallout,2018,7.7,86,280996
1910,Solo: A Star Wars Story,2018,6.9,62,278337
1911,Annihilation,2018,6.8,79,271369
1912,Bird Box,2018,6.6,51,266901
1913,Jurassic World: Fallen Kingdom,2018,6.2,51,256560
1914,Incredibles 2,2018,7.6,80,239511
1915,Hereditary,2018,7.3,87,221504
1916,Fantastic Beasts: The Crimes of Grindelwald,2018,6.6,52,209763
1917,BlacKkKlansman,2018,7.5,83,207057
1918,Game Night,2018,6.9,66,198363
1919,Tomb Raider,2018,6.3,48,185714
1920,Ocean's Eight,2018,6.2,61,177212
1921,The Favourite,2018,7.5,91,163862
1922,First Man,2018,7.3,84,159495
1923,Red Sparrow,2018,6.6,53,159368
1924,Upgrade,2018,7.5,67,147828
1925,The Meg,2018,5.6,46,143459
1926,Rampage,2018,6.1,45,137877
1927,Roma,2018,7.7,96,134615
1928,Crazy Rich Asians,2018,6.9,74,133024
1929,Searching,2018,7.6,71,132939
1930,Isle of Dogs,2018,7.9,82,132798
1931,Bumblebee,2018,6.8,66,131532
1932,The Equalizer 2,2018,6.7,50,125898
1933,Ralph Breaks the Internet: Wreck-It Ralph 2,2018,7.1,71,124317
1934,Bad Times at the El Royale,2018,7.1,60,123417
1935,Sicario 2: Soldado,2018,7.1,61,119804
1936,A Simple Favor,2018,6.8,67,119494
1937,The Ballad of Buster Scruggs,2018,7.3,79,115086
1938,Vice,2018,7.2,61,113264
1939,The Predator,2018,5.3,48,113059
1940,The Nun,2018,5.3,46,112645
1941,Halloween,2018,6.6,67,112499
1942,Tag,2018,6.5,56,109269
1943,Avengers: Infinity War,2018,8.4,68,796623
1944,Black Panther,2018,7.3,88,597312
1945,Deadpool 2,2018,7.7,66,460622
1946,Bohemian Rhapsody,2018,8.0,49,433583
1947,A Quiet Place,2018,7.5,82,391422
1948,Ready Player One,2018,7.5,64,353948
1949,Aquaman,2018,6.9,55,348941
1950,Venom,2018,6.7,35,343706
1951,Green Book,2018,8.2,69,341986
1952,Spider-Man: Into the Spider-Verse,2018,8.4,87,335979
1953,A Star Is Born,2018,7.7,88,318557
1954,Ant-Man and the Wasp,2018,7.1,70,295488
1955,Mission: Impossible - Fallout,2018,7.7,86,280996
1956,Solo: A Star Wars Story,2018,6.9,62,278337
1957,Annihilation,2018,6.8,79,271369
1958,Bird Box,2018,6.6,51,266901
1959,Jurassic World: Fallen Kingdom,2018,6.2,51,256560
1960,Incredibles 2,2018,7.6,80,239511
1961,Hereditary,2018,7.3,87,221504
1962,Fantastic Beasts: The Crimes of Grindelwald,2018,6.6,52,209763
1963,BlacKkKlansman,2018,7.5,83,207057
1964,Game Night,2018,6.9,66,198363
1965,Tomb Raider,2018,6.3,48,185714
1966,Ocean's Eight,2018,6.2,61,177212
1967,The Favourite,2018,7.5,91,163862
1968,First Man,2018,7.3,84,159495
1969,Red Sparrow,2018,6.6,53,159368
1970,Upgrade,2018,7.5,67,147828
1971,The Meg,2018,5.6,46,143459
1972,Rampage,2018,6.1,45,137877
1973,Roma,2018,7.7,96,134615
1974,Crazy Rich Asians,2018,6.9,74,133024
1975,Searching,2018,7.6,71,132939
1976,Isle of Dogs,2018,7.9,82,132798
1977,Bumblebee,2018,6.8,66,131532
1978,The Equalizer 2,2018,6.7,50,125898
1979,Ralph Breaks the Internet: Wreck-It Ralph 2,2018,7.1,71,124317
1980,Bad Times at the El Royale,2018,7.1,60,123417
1981,Sicario 2: Soldado,2018,7.1,61,119804
1982,A Simple Favor,2018,6.8,67,119494
1983,The Ballad of Buster Scruggs,2018,7.3,79,115086
1984,Vice,2018,7.2,61,113264
1985,The Predator,2018,5.3,48,113059
1986,The Nun,2018,5.3,46,112645
1987,Halloween,2018,6.6,67,112499
1988,Tag,2018,6.5,56,109269
1989,Avengers: Infinity War,2018,8.4,68,796623
1990,Black Panther,2018,7.3,88,597312
1991,Deadpool 2,2018,7.7,66,460622
1992,Bohemian Rhapsody,2018,8.0,49,433583
1993,A Quiet Place,2018,7.5,82,391422
1994,Ready Player One,2018,7.5,64,353948
1995,Aquaman,2018,6.9,55,348941
1996,Venom,2018,6.7,35,343706
1997,Green Book,2018,8.2,69,341986
1998,Spider-Man: Into the Spider-Verse,2018,8.4,87,335979
1999,A Star Is Born,2018,7.7,88,318557
2000,Ant-Man and the Wasp,2018,7.1,70,295488
2001,Mission: Impossible - Fallout,2018,7.7,86,280996
2002,Solo: A Star Wars Story,2018,6.9,62,278337
2003,Annihilation,2018,6.8,79,271369
2004,Bird Box,2018,6.6,51,266901
2005,Jurassic World: Fallen Kingdom,2018,6.2,51,256560
2006,Incredibles 2,2018,7.6,80,239511
2007,Hereditary,2018,7.3,87,221504
2008,Fantastic Beasts: The Crimes of Grindelwald,2018,6.6,52,209763
2009,BlacKkKlansman,2018,7.5,83,207057
2010,Game Night,2018,6.9,66,198363
2011,Tomb Raider,2018,6.3,48,185714
2012,Ocean's Eight,2018,6.2,61,177212
2013,The Favourite,2018,7.5,91,163862
2014,First Man,2018,7.3,84,159495
2015,Red Sparrow,2018,6.6,53,159368
2016,Upgrade,2018,7.5,67,147828
2017,The Meg,2018,5.6,46,143459
2018,Rampage,2018,6.1,45,137877
2019,Roma,2018,7.7,96,134615
2020,Crazy Rich Asians,2018,6.9,74,133024
2021,Searching,2018,7.6,71,132939
2022,Isle of Dogs,2018,7.9,82,132798
2023,Bumblebee,2018,6.8,66,131532
2024,The Equalizer 2,2018,6.7,50,125898
2025,Ralph Breaks the Internet: Wreck-It Ralph 2,2018,7.1,71,124317
2026,Bad Times at the El Royale,2018,7.1,60,123417
2027,Sicario 2: Soldado,2018,7.1,61,119804
2028,A Simple Favor,2018,6.8,67,119494
2029,The Ballad of Buster Scruggs,2018,7.3,79,115086
2030,Vice,2018,7.2,61,113264
2031,The Predator,2018,5.3,48,113059
2032,The Nun,2018,5.3,46,112645
2033,Halloween,2018,6.6,67,112499
2034,Tag,2018,6.5,56,109269
2035,Joker,2019,8.5,59,855130
2036,Avengers: Endgame,2019,8.4,78,755015
2037,Once Upon a Time... in Hollywood,2019,7.6,83,507228
2038,Gisaengchung,2019,8.6,96,470966
2039,Captain Marvel,2019,6.9,64,422720
2040,Knives Out,2019,7.9,82,377903
2041,1917,2019,8.3,78,362917
2042,Star Wars: Episode IX - The Rise of Skywalker,2019,6.6,53,347334
2043,Spider-Man: Far from Home,2019,7.5,69,304715
2044,The Irishman,2019,7.9,94,304592
2045,John Wick: Chapter 3 - Parabellum,2019,7.5,73,258112
2046,Jojo Rabbit,2019,7.9,58,253774
2047,Ford v. Ferrari,2019,8.1,81,251891
2048,Shazam!,2019,7.1,71,240906
2049,Marriage Story,2019,8.0,94,227342
2050,Alita: Battle Angel,2019,7.3,53,217224
2051,Aladdin,2019,7.0,53,215145
2052,Us,2019,6.9,81,210020
2053,The Lion King,2019,6.9,55,199525
2054,Uncut Gems,2019,7.4,91,199131
2055,Glass,2019,6.7,43,197885
2056,It Chapter Two,2019,6.5,58,192188
2057,Toy Story 4,2019,7.8,84,189168
2058,Ad Astra,2019,6.6,80,185355
2059,The Gentlemen,2019,7.9,51,179065
2060,Midsommar,2019,7.1,72,176399
2061,El Camino: A Breaking Bad Movie,2019,7.3,72,172191
2062,Jumanji: The Next Level,2019,6.7,58,168708
2063,Fast & Furious Presents: Hobbs & Shaw,2019,6.4,60,158622
2064,Dark Phoenix,2019,5.8,43,146156
2065,El hoyo,2019,7.0,73,144944
2066,Terminator: Dark Fate,2019,6.2,54,132794
2067,Pokémon: Detective Pikachu,2019,6.6,53,130489
2068,6 Underground,2019,6.1,41,129513
2069,Zombieland: Double Tap,2019,6.7,55,125347
2070,Godzilla: King of the Monsters,2019,6.0,48,125336
2071,Rocketman,2019,7.3,69,124415
2072,Frozen 2,2019,6.9,64,122775
2073,Little Women,2019,7.8,91,122426
2074,Doctor Sleep,2019,7.4,59,121809
2075,Joker,2019,8.5,59,855130
2076,Avengers: Endgame,2019,8.4,78,755015
2077,Once Upon a Time... in Hollywood,2019,7.6,83,507228
2078,Gisaengchung,2019,8.6,96,470966
2079,Captain Marvel,2019,6.9,64,422720
2080,Knives Out,2019,7.9,82,377903
2081,1917,2019,8.3,78,362917
2082,Star Wars: Episode IX - The Rise of Skywalker,2019,6.6,53,347334
2083,Spider-Man: Far from Home,2019,7.5,69,304715
2084,The Irishman,2019,7.9,94,304592
2085,John Wick: Chapter 3 - Parabellum,2019,7.5,73,258112
2086,Jojo Rabbit,2019,7.9,58,253774
2087,Ford v. Ferrari,2019,8.1,81,251891
2088,Shazam!,2019,7.1,71,240906
2089,Marriage Story,2019,8.0,94,227342
2090,Alita: Battle Angel,2019,7.3,53,217224
2091,Aladdin,2019,7.0,53,215145
2092,Us,2019,6.9,81,210020
2093,The Lion King,2019,6.9,55,199525
2094,Uncut Gems,2019,7.4,91,199131
2095,Glass,2019,6.7,43,197885
2096,It Chapter Two,2019,6.5,58,192188
2097,Toy Story 4,2019,7.8,84,189168
2098,Ad Astra,2019,6.6,80,185355
2099,The Gentlemen,2019,7.9,51,179065
2100,Midsommar,2019,7.1,72,176399
2101,El Camino: A Breaking Bad Movie,2019,7.3,72,172191
2102,Jumanji: The Next Level,2019,6.7,58,168708
2103,Fast & Furious Presents: Hobbs & Shaw,2019,6.4,60,158622
2104,Dark Phoenix,2019,5.8,43,146156
2105,El hoyo,2019,7.0,73,144944
2106,Terminator: Dark Fate,2019,6.2,54,132794
2107,Pokémon: Detective Pikachu,2019,6.6,53,130489
2108,6 Underground,2019,6.1,41,129513
2109,Zombieland: Double Tap,2019,6.7,55,125347
2110,Godzilla: King of the Monsters,2019,6.0,48,125336
2111,Rocketman,2019,7.3,69,124415
2112,Frozen 2,2019,6.9,64,122775
2113,Little Women,2019,7.8,91,122426
2114,Doctor Sleep,2019,7.4,59,121809
2115,Joker,2019,8.5,59,855130
2116,Avengers: Endgame,2019,8.4,78,755015
2117,Once Upon a Time... in Hollywood,2019,7.6,83,507228
2118,Gisaengchung,2019,8.6,96,470966
2119,Captain Marvel,2019,6.9,64,422720
2120,Knives Out,2019,7.9,82,377903
2121,1917,2019,8.3,78,362917
2122,Star Wars: Episode IX - The Rise of Skywalker,2019,6.6,53,347334
2123,Spider-Man: Far from Home,2019,7.5,69,304715
2124,The Irishman,2019,7.9,94,304592
2125,John Wick: Chapter 3 - Parabellum,2019,7.5,73,258112
2126,Jojo Rabbit,2019,7.9,58,253774
2127,Ford v. Ferrari,2019,8.1,81,251891
2128,Shazam!,2019,7.1,71,240906
2129,Marriage Story,2019,8.0,94,227342
2130,Alita: Battle Angel,2019,7.3,53,217224
2131,Aladdin,2019,7.0,53,215145
2132,Us,2019,6.9,81,210020
2133,The Lion King,2019,6.9,55,199525
2134,Uncut Gems,2019,7.4,91,199131
2135,Glass,2019,6.7,43,197885
2136,It Chapter Two,2019,6.5,58,192188
2137,Toy Story 4,2019,7.8,84,189168
2138,Ad Astra,2019,6.6,80,185355
2139,The Gentlemen,2019,7.9,51,179065
2140,Midsommar,2019,7.1,72,176399
2141,El Camino: A Breaking Bad Movie,2019,7.3,72,172191
2142,Jumanji: The Next Level,2019,6.7,58,168708
2143,Fast & Furious Presents: Hobbs & Shaw,2019,6.4,60,158622
2144,Dark Phoenix,2019,5.8,43,146156
2145,El hoyo,2019,7.0,73,144944
2146,Terminator: Dark Fate,2019,6.2,54,132794
2147,Pokémon: Detective Pikachu,2019,6.6,53,130489
2148,6 Underground,2019,6.1,41,129513
2149,Zombieland: Double Tap,2019,6.7,55,125347
2150,Godzilla: King of the Monsters,2019,6.0,48,125336
2151,Rocketman,2019,7.3,69,124415
2152,Frozen 2,2019,6.9,64,122775
2153,Little Women,2019,7.8,91,122426
2154,Doctor Sleep,2019,7.4,59,121809
2155,Joker,2019,8.5,59,855130
2156,Avengers: Endgame,2019,8.4,78,755015
2157,Once Upon a Time... in Hollywood,2019,7.6,83,507228
2158,Gisaengchung,2019,8.6,96,470966
2159,Captain Marvel,2019,6.9,64,422720
2160,Knives Out,2019,7.9,82,377903
2161,1917,2019,8.3,78,362917
2162,Star Wars: Episode IX - The Rise of Skywalker,2019,6.6,53,347334
2163,Spider-Man: Far from Home,2019,7.5,69,304715
2164,The Irishman,2019,7.9,94,304592
2165,John Wick: Chapter 3 - Parabellum,2019,7.5,73,258112
2166,Jojo Rabbit,2019,7.9,58,253774
2167,Ford v. Ferrari,2019,8.1,81,251891
2168,Shazam!,2019,7.1,71,240906
2169,Marriage Story,2019,8.0,94,227342
2170,Alita: Battle Angel,2019,7.3,53,217224
2171,Aladdin,2019,7.0,53,215145
2172,Us,2019,6.9,81,210020
2173,The Lion King,2019,6.9,55,199525
2174,Uncut Gems,2019,7.4,91,199131
2175,Glass,2019,6.7,43,197885
2176,It Chapter Two,2019,6.5,58,192188
2177,Toy Story 4,2019,7.8,84,189168
2178,Ad Astra,2019,6.6,80,185355
2179,The Gentlemen,2019,7.9,51,179065
2180,Midsommar,2019,7.1,72,176399
2181,El Camino: A Breaking Bad Movie,2019,7.3,72,172191
2182,Jumanji: The Next Level,2019,6.7,58,168708
2183,Fast & Furious Presents: Hobbs & Shaw,2019,6.4,60,158622
2184,Dark Phoenix,2019,5.8,43,146156
2185,El hoyo,2019,7.0,73,144944
2186,Terminator: Dark Fate,2019,6.2,54,132794
2187,Pokémon: Detective Pikachu,2019,6.6,53,130489
2188,6 Underground,2019,6.1,41,129513
2189,Zombieland: Double Tap,2019,6.7,55,125347
2190,Godzilla: King of the Monsters,2019,6.0,48,125336
2191,Rocketman,2019,7.3,69,124415
2192,Frozen 2,2019,6.9,64,122775
2193,Little Women,2019,7.8,91,122426
2194,Doctor Sleep,2019,7.4,59,121809
2195,Joker,2019,8.5,59,855130
2196,Avengers: Endgame,2019,8.4,78,755015
2197,Once Upon a Time... in Hollywood,2019,7.6,83,507228
2198,Gisaengchung,2019,8.6,96,470966
2199,Captain Marvel,2019,6.9,64,422720
2200,Knives Out,2019,7.9,82,377903
2201,1917,2019,8.3,78,362917
2202,Star Wars: Episode IX - The Rise of Skywalker,2019,6.6,53,347334
2203,Spider-Man: Far from Home,2019,7.5,69,304715
2204,The Irishman,2019,7.9,94,304592
2205,John Wick: Chapter 3 - Parabellum,2019,7.5,73,258112
2206,Jojo Rabbit,2019,7.9,58,253774
2207,Ford v. Ferrari,2019,8.1,81,251891
2208,Shazam!,2019,7.1,71,240906
2209,Marriage Story,2019,8.0,94,227342
2210,Alita: Battle Angel,2019,7.3,53,217224
2211,Aladdin,2019,7.0,53,215145
2212,Us,2019,6.9,81,210020
2213,The Lion King,2019,6.9,55,199525
2214,Uncut Gems,2019,7.4,91,199131
2215,Glass,2019,6.7,43,197885
2216,It Chapter Two,2019,6.5,58,192188
2217,Toy Story 4,2019,7.8,84,189168
2218,Ad Astra,2019,6.6,80,185355
2219,The Gentlemen,2019,7.9,51,179065
2220,Midsommar,2019,7.1,72,176399
2221,El Camino: A Breaking Bad Movie,2019,7.3,72,172191
2222,Jumanji: The Next Level,2019,6.7,58,168708
2223,Fast & Furious Presents: Hobbs & Shaw,2019,6.4,60,158622
2224,Dark Phoenix,2019,5.8,43,146156
2225,El hoyo,2019,7.0,73,144944
2226,Terminator: Dark Fate,2019,6.2,54,132794
2227,Pokémon: Detective Pikachu,2019,6.6,53,130489
2228,6 Underground,2019,6.1,41,129513
2229,Zombieland: Double Tap,2019,6.7,55,125347
2230,Godzilla: King of the Monsters,2019,6.0,48,125336
2231,Rocketman,2019,7.3,69,124415
2232,Frozen 2,2019,6.9,64,122775
2233,Little Women,2019,7.8,91,122426
2234,Doctor Sleep,2019,7.4,59,121809
2235,Extraction,2020,6.7,56,141677
2236,Birds of Prey: And the Fantabulous Emancipation of One Harley Quinn,2020,6.1,60,137387
2237,The Invisible Man,2020,7.1,72,129858
2238,Bad Boys for Life,2020,6.6,59,111590
2239,The Old Guard,2020,6.7,70,98126
2240,Onward,2020,7.4,61,76914
2241,Sonic the Hedgehog,2020,6.5,47,74663
2242,Eurovision Song Contest: The Story of Fire Saga,2020,6.5,50,62279
2243,Spenser Confidential,2020,6.2,49,61332
2244,Tenet,2020,7.9,69,61259
2245,The Hunt,2020,6.5,50,52803
2246,Bloodshot,2020,5.7,44,49657
2247,Underwater,2020,5.8,48,48512
2248,Greyhound,2020,7.0,64,48203
2249,Project Power,2020,6.0,51,45219
2250,Palm Springs,2020,7.4,83,44712
2251,Dolittle,2020,5.6,26,39248
2252,Hamilton,2020,8.7,90,37561
2253,Da 5 Bloods,2020,6.5,82,29694
2254,The Call of the Wild,2020,6.8,47,29156
2255,The Wrong Missy,2020,5.7,33,28650
2256,Fantasy Island,2020,4.9,22,26846
2257,The Way Back,2020,6.7,66,23774
2258,The Half of It,2020,6.9,74,23525
2259,The King of Staten Island,2020,7.1,67,21774
2260,To All the Boys: P.S. I Still Love You,2020,6.0,54,21400
2261,Extraction,2020,6.7,56,141677
2262,Birds of Prey: And the Fantabulous Emancipation of One Harley Quinn,2020,6.1,60,137387
2263,The Invisible Man,2020,7.1,72,129858
2264,Bad Boys for Life,2020,6.6,59,111590
2265,The Old Guard,2020,6.7,70,98126
2266,Onward,2020,7.4,61,76914
2267,Sonic the Hedgehog,2020,6.5,47,74663
2268,Eurovision Song Contest: The Story of Fire Saga,2020,6.5,50,62279
2269,Spenser Confidential,2020,6.2,49,61332
2270,Tenet,2020,7.9,69,61259
2271,The Hunt,2020,6.5,50,52803
2272,Bloodshot,2020,5.7,44,49657
2273,Underwater,2020,5.8,48,48512
2274,Greyhound,2020,7.0,64,48203
2275,Project Power,2020,6.0,51,45219
2276,Palm Springs,2020,7.4,83,44712
2277,Dolittle,2020,5.6,26,39248
2278,Hamilton,2020,8.7,90,37561
2279,Da 5 Bloods,2020,6.5,82,29694
2280,The Call of the Wild,2020,6.8,47,29156
2281,The Wrong Missy,2020,5.7,33,28650
2282,Fantasy Island,2020,4.9,22,26846
2283,The Way Back,2020,6.7,66,23774
2284,The Half of It,2020,6.9,74,23525
2285,The King of Staten Island,2020,7.1,67,21774
2286,To All the Boys: P.S. I Still Love You,2020,6.0,54,21400
2287,Extraction,2020,6.7,56,141677
2288,Birds of Prey: And the Fantabulous Emancipation of One Harley Quinn,2020,6.1,60,137387
2289,The Invisible Man,2020,7.1,72,129858
2290,Bad Boys for Life,2020,6.6,59,111590
2291,The Old Guard,2020,6.7,70,98126
2292,Onward,2020,7.4,61,76914
2293,Sonic the Hedgehog,2020,6.5,47,74663
2294,Eurovision Song Contest: The Story of Fire Saga,2020,6.5,50,62279
2295,Spenser Confidential,2020,6.2,49,61332
2296,Tenet,2020,7.9,69,61259
2297,The Hunt,2020,6.5,50,52803
2298,Bloodshot,2020,5.7,44,49657
2299,Underwater,2020,5.8,48,48512
2300,Greyhound,2020,7.0,64,48203
2301,Project Power,2020,6.0,51,45219
2302,Palm Springs,2020,7.4,83,44712
2303,Dolittle,2020,5.6,26,39248
2304,Hamilton,2020,8.7,90,37561
2305,Da 5 Bloods,2020,6.5,82,29694
2306,The Call of the Wild,2020,6.8,47,29156
2307,The Wrong Missy,2020,5.7,33,28650
2308,Fantasy Island,2020,4.9,22,26846
2309,The Way Back,2020,6.7,66,23774
2310,The Half of It,2020,6.9,74,23525
2311,The King of Staten Island,2020,7.1,67,21774
2312,To All the Boys: P.S. I Still Love You,2020,6.0,54,21400
2313,Extraction,2020,6.7,56,141677
2314,Birds of Prey: And the Fantabulous Emancipation of One Harley Quinn,2020,6.1,60,137387
2315,The Invisible Man,2020,7.1,72,129858
2316,Bad Boys for Life,2020,6.6,59,111590
2317,The Old Guard,2020,6.7,70,98126
2318,Onward,2020,7.4,61,76914
2319,Sonic the Hedgehog,2020,6.5,47,74663
2320,Eurovision Song Contest: The Story of Fire Saga,2020,6.5,50,62279
2321,Spenser Confidential,2020,6.2,49,61332
2322,Tenet,2020,7.9,69,61259
2323,The Hunt,2020,6.5,50,52803
2324,Bloodshot,2020,5.7,44,49657
2325,Underwater,2020,5.8,48,48512
2326,Greyhound,2020,7.0,64,48203
2327,Project Power,2020,6.0,51,45219
2328,Palm Springs,2020,7.4,83,44712
2329,Dolittle,2020,5.6,26,39248
2330,Hamilton,2020,8.7,90,37561
2331,Da 5 Bloods,2020,6.5,82,29694
2332,The Call of the Wild,2020,6.8,47,29156
2333,The Wrong Missy,2020,5.7,33,28650
2334,Fantasy Island,2020,4.9,22,26846
2335,The Way Back,2020,6.7,66,23774
2336,The Half of It,2020,6.9,74,23525
2337,The King of Staten Island,2020,7.1,67,21774
2338,To All the Boys: P.S. I Still Love You,2020,6.0,54,21400
2339,Extraction,2020,6.7,56,141677
2340,Birds of Prey: And the Fantabulous Emancipation of One Harley Quinn,2020,6.1,60,137387
2341,The Invisible Man,2020,7.1,72,129858
2342,Bad Boys for Life,2020,6.6,59,111590
2343,The Old Guard,2020,6.7,70,98126
2344,Onward,2020,7.4,61,76914
2345,Sonic the Hedgehog,2020,6.5,47,74663
2346,Eurovision Song Contest: The Story of Fire Saga,2020,6.5,50,62279
2347,Spenser Confidential,2020,6.2,49,61332
2348,Tenet,2020,7.9,69,61259
2349,The Hunt,2020,6.5,50,52803
2350,Bloodshot,2020,5.7,44,49657
2351,Underwater,2020,5.8,48,48512
2352,Greyhound,2020,7.0,64,48203
2353,Project Power,2020,6.0,51,45219
2354,Palm Springs,2020,7.4,83,44712
2355,Dolittle,2020,5.6,26,39248
2356,Hamilton,2020,8.7,90,37561
2357,Da 5 Bloods,2020,6.5,82,29694
2358,The Call of the Wild,2020,6.8,47,29156
2359,The Wrong Missy,2020,5.7,33,28650
2360,Fantasy Island,2020,4.9,22,26846
2361,The Way Back,2020,6.7,66,23774
2362,The Half of It,2020,6.9,74,23525
2363,The King of Staten Island,2020,7.1,67,21774
2364,To All the Boys: P.S. I Still Love You,2020,6.0,54,21400
